personnel_id,age,deployment_days,daily_duty_hours,night_duties,leave_days,days_since_last_leave,transfer_frequency,training_days,workload_7_days,workload_30_days,sleep_hours,wellness_score,self_reported_stress,stress_risk
1,27,179,6.78,2,22,75,2,20,68.09,76.65,7.38,21.54,92.44,1
2,48,20,10.09,0,11,58,4,11,21.84,61.98,6.36,93.03,29.79,0
3,50,174,6.05,3,24,3,4,18,74.42,56.04,8.78,20.99,90.09,1
4,46,52,11.24,1,19,92,3,6,68.8,86.66,6.54,33.67,74.21,0
5,50,133,9.65,12,30,18,1,11,95.16,91.59,5.33,64.84,88.36,1
6,36,81,8.4,14,20,24,1,12,31.27,84.18,6.19,20.41,79.31,1
7,37,135,10.79,4,9,103,1,8,93.2,88.0,7.91,53.71,18.11,1
8,25,98,6.75,11,7,86,2,2,57.78,29.57,8.17,62.1,75.53,1
9,27,26,5.0,9,27,77,2,6,58.03,65.06,7.99,72.16,21.84,0
10,49,35,13.57,12,6,59,2,1,69.95,43.65,6.87,36.38,45.4,0
11,50,74,7.45,8,6,62,0,0,38.23,54.17,6.57,81.35,83.16,0
12,29,61,8.53,4,0,51,1,11,39.53,33.46,7.36,50.29,15.52,0
13,46,51,10.64,2,16,101,0,16,41.34,98.13,5.73,50.83,12.81,1
14,50,129,6.15,4,11,90,3,10,49.57,39.37,6.84,93.76,43.9,1
15,36,143,8.01,5,15,93,2,19,46.08,37.62,8.11,73.34,78.81,1
16,29,160,8.46,7,6,82,0,10,47.29,29.08,7.98,81.29,57.19,0
17,48,112,8.35,11,4,37,2,8,42.31,76.03,6.75,83.5,82.79,1
18,40,74,8.55,0,7,36,3,2,49.78,95.21,6.83,53.63,94.53,0
19,24,160,8.99,15,19,120,2,16,44.64,63.4,6.54,58.16,64.09,1
20,26,108,6.0,2,21,8,2,1,48.01,71.61,8.02,37.26,52.43,0
21,24,34,8.98,13,20,6,2,8,96.25,46.46,7.23,61.46,58.64,0
22,21,66,7.81,15,17,25,1,2,65.6,27.77,7.07,85.8,72.97,0
23,21,136,7.08,12,9,119,1,2,40.5,68.92,8.66,26.12,10.44,0
24,28,143,9.99,13,11,115,3,1,27.52,66.26,6.95,60.7,34.36,1
25,46,57,8.06,11,4,97,4,11,97.22,56.58,8.31,83.15,26.52,1
26,28,51,7.52,15,12,114,3,9,45.84,83.61,6.47,25.88,12.15,0
27,41,61,10.01,4,0,58,1,0,55.39,39.18,8.04,27.04,25.54,0
28,49,68,10.16,5,28,119,2,11,65.28,32.69,6.59,26.88,18.0,0
29,50,143,8.96,6,3,33,4,9,95.93,90.93,5.88,39.57,11.3,1
30,44,68,10.51,12,3,16,1,16,89.38,70.91,7.73,63.0,20.92,1
31,49,178,9.89,0,0,40,1,10,35.66,25.55,8.36,27.56,11.55,1
32,37,89,7.75,7,28,26,1,1,40.86,59.68,5.75,90.25,13.33,0
33,45,20,9.1,4,8,24,2,16,78.53,30.22,7.59,38.75,59.35,0
34,32,112,11.14,6,12,23,0,2,28.25,92.2,8.57,44.0,86.12,1
35,37,99,8.46,13,30,52,2,14,26.66,27.34,6.26,65.18,57.06,1
36,41,41,9.5,9,6,14,1,4,78.96,63.67,8.07,85.02,81.27,0
37,34,140,7.99,10,25,66,4,4,38.66,66.5,5.37,84.74,84.83,1
38,33,131,8.63,3,5,31,2,11,64.67,53.94,6.64,55.15,14.79,0
39,48,60,10.11,2,12,92,0,16,26.63,62.27,7.88,52.73,78.18,0
40,35,148,9.78,15,21,85,2,4,40.24,75.63,6.16,94.69,69.24,1
41,23,143,9.73,9,15,72,3,20,42.19,35.05,7.25,54.78,40.03,1
42,29,154,9.3,5,30,17,0,0,52.9,68.22,6.22,25.72,89.95,1
43,39,46,9.28,4,22,120,0,0,58.43,98.82,8.24,48.26,73.71,1
44,37,160,8.25,1,8,99,0,20,24.51,89.18,7.01,77.67,90.31,1
45,30,82,8.37,13,0,51,4,12,36.58,90.26,5.08,76.77,13.99,0
46,23,122,8.46,1,11,65,3,4,27.07,83.35,6.32,51.54,76.7,1
47,34,65,9.41,1,1,82,2,18,92.33,47.86,7.06,58.55,76.61,1
48,39,80,6.24,4,28,4,1,16,59.37,40.66,7.46,56.95,37.94,0
49,31,42,8.75,8,22,55,2,15,71.27,34.55,6.91,45.93,86.23,1
50,38,60,8.36,9,18,19,4,4,47.61,47.81,7.06,60.08,40.26,0
51,34,33,8.25,10,8,26,0,14,70.23,26.54,6.02,85.52,88.27,0
52,21,7,8.56,0,2,52,1,13,57.0,79.8,7.69,58.38,55.23,0
53,33,17,12.05,14,24,119,4,9,65.12,87.26,4.05,26.69,55.5,1
54,45,67,6.61,9,2,105,4,17,26.95,62.97,8.83,52.37,20.84,1
55,29,100,11.79,1,26,56,2,12,46.43,94.7,5.43,20.57,29.15,1
56,50,74,5.0,13,29,94,0,2,61.96,52.83,7.47,84.91,79.45,0
57,37,93,10.0,8,1,79,2,7,58.13,87.09,5.83,35.38,92.28,1
58,40,112,10.28,11,14,1,1,13,43.09,66.5,6.92,59.94,14.41,0
59,38,9,12.99,1,12,40,1,19,40.37,74.52,9.0,77.02,60.63,0
60,50,94,7.41,0,4,62,3,11,52.68,94.64,7.8,74.12,14.09,0
61,49,71,10.06,11,29,35,4,4,85.17,73.22,7.84,59.23,40.5,1
62,28,71,10.9,6,7,14,2,5,63.18,55.1,4.77,49.36,55.21,1
63,41,103,9.48,5,5,67,2,7,75.5,33.34,5.16,85.9,52.11,1
64,49,37,12.17,8,0,101,2,0,22.68,65.59,7.57,45.66,79.81,1
65,35,108,8.46,12,7,5,4,14,52.72,81.75,5.83,20.92,60.87,1
66,47,68,10.03,3,10,74,1,13,69.2,92.95,8.04,64.47,18.69,0
67,36,67,11.41,14,25,9,2,13,94.75,94.05,7.81,53.81,19.63,1
68,28,142,11.19,4,14,73,4,8,36.45,83.02,5.9,51.09,83.4,1
69,26,129,5.89,10,16,43,2,11,93.02,39.86,3.66,63.32,24.07,0
70,46,155,10.81,1,20,49,0,19,56.72,64.58,7.13,33.83,35.47,1
71,33,178,9.4,15,29,29,0,12,50.22,86.93,6.83,64.06,34.99,1
72,42,112,12.64,1,29,38,2,3,34.55,88.94,6.82,40.31,64.74,1
73,48,86,8.49,8,22,67,2,7,28.33,83.99,8.23,33.39,65.48,1
74,44,77,8.54,15,23,46,2,15,51.77,73.45,6.21,87.23,11.11,0
75,27,160,9.65,11,17,2,0,14,69.98,46.87,5.5,81.88,40.86,1
76,29,52,7.66,11,2,116,1,11,31.21,89.48,8.17,79.99,46.14,0
77,39,13,10.74,8,6,73,2,13,98.75,62.06,8.27,32.88,33.15,1
78,26,33,7.04,0,4,25,1,11,36.51,20.88,7.31,65.04,66.53,0
79,27,137,8.68,11,29,46,1,10,34.75,27.23,7.97,77.82,15.8,0
80,24,112,11.42,10,6,104,2,1,51.73,96.33,6.94,40.24,55.89,1
81,39,80,14.12,1,8,26,1,20,47.55,48.12,6.88,50.96,69.92,0
82,23,130,13.61,1,4,108,3,18,41.77,67.22,6.13,88.8,21.63,1
83,30,56,6.36,13,15,88,2,7,71.12,80.72,6.73,74.31,64.16,1
84,29,108,11.06,9,14,32,1,15,94.02,34.45,7.98,22.55,69.28,1
85,29,114,8.92,13,19,39,2,17,61.79,71.56,7.82,68.76,41.0,1
86,23,36,14.48,10,7,90,3,6,45.22,63.16,6.22,66.94,85.31,1
87,30,107,9.16,15,2,39,3,16,52.15,58.39,8.28,67.06,84.26,1
88,25,64,5.48,13,16,3,4,13,43.76,88.23,7.8,40.79,87.38,1
89,35,72,8.51,3,11,59,1,4,82.91,27.15,5.94,51.32,84.73,0
90,33,152,10.35,6,19,4,2,7,95.42,71.97,7.35,37.3,25.0,1
91,46,168,10.11,5,4,5,0,8,94.22,99.59,6.25,33.04,43.68,1
92,44,2,11.1,15,2,102,4,14,22.79,91.59,6.84,49.34,33.2,1
93,49,136,8.86,8,4,11,2,1,52.68,49.82,6.77,39.48,71.49,0
94,48,175,8.98,12,27,69,4,16,24.92,90.63,8.09,62.85,66.28,1
95,28,90,9.82,7,18,80,3,0,32.59,32.83,7.77,45.05,30.29,0
96,25,44,10.19,9,24,115,1,9,85.6,38.29,8.88,39.4,26.42,1
97,33,45,10.31,7,30,98,3,12,82.39,28.56,4.73,77.08,56.01,1
98,48,78,9.56,13,4,93,3,19,75.03,25.43,8.29,25.05,59.48,1
99,21,21,8.04,1,13,64,4,11,79.97,30.41,7.15,76.87,12.09,0
100,46,25,8.87,1,13,98,4,3,54.09,56.11,7.53,72.03,28.77,0
101,22,174,11.24,10,2,81,3,20,92.76,88.59,8.57,92.34,74.61,1
102,46,123,7.87,5,14,34,4,2,22.49,72.13,8.14,55.49,92.3,1
103,34,144,12.25,6,2,93,3,20,92.95,97.4,4.02,33.91,49.28,1
104,29,165,10.21,15,24,60,4,20,67.22,54.66,9.0,49.67,92.85,1
105,26,31,11.43,11,5,41,2,18,28.39,39.36,7.89,94.0,22.11,1
106,40,160,8.95,9,7,32,1,0,61.42,27.03,6.68,25.89,43.74,1
107,22,165,12.6,1,14,98,1,11,28.37,70.91,7.77,72.99,12.68,1
108,28,71,9.72,1,27,62,3,14,85.19,26.41,7.14,81.3,48.45,1
109,23,126,12.47,10,17,118,3,11,32.76,89.74,7.24,36.44,92.95,1
110,43,52,7.94,6,18,44,1,5,77.54,38.28,5.65,71.02,16.14,0
111,35,96,8.33,4,30,58,4,19,70.3,78.83,7.42,77.58,52.91,1
112,29,163,14.89,9,20,98,3,1,67.82,83.44,5.93,48.79,49.59,1
113,41,142,10.5,3,15,94,1,11,49.83,61.01,6.14,50.98,15.88,0
114,49,110,8.72,13,23,103,0,19,67.44,33.08,7.45,39.36,65.82,1
115,21,167,5.76,6,14,31,2,9,25.88,33.58,8.86,58.98,38.65,0
116,40,7,11.47,10,11,1,0,19,50.35,68.44,7.6,78.63,69.96,0
117,44,155,9.35,10,28,20,1,13,24.57,62.49,8.31,90.25,13.34,0
118,41,58,6.93,4,0,113,2,13,75.06,51.79,9.0,21.3,37.47,1
119,49,38,11.0,1,22,44,3,12,31.48,95.19,3.52,74.97,23.8,0
120,49,95,7.38,5,4,111,1,0,87.05,95.57,6.96,66.34,83.86,1
121,28,112,11.21,2,30,80,4,15,72.1,28.53,8.42,69.34,94.95,1
122,29,76,8.5,14,8,75,3,1,52.33,46.16,8.26,77.17,77.81,1
123,39,108,8.7,5,6,89,4,14,70.42,68.79,7.15,62.26,42.34,1
124,37,34,11.22,11,5,90,2,2,33.48,71.41,7.0,60.68,90.88,1
125,22,155,6.22,4,14,44,3,14,51.55,63.95,5.03,76.02,70.82,1
126,31,79,9.17,14,20,15,0,3,94.16,24.82,6.77,27.61,51.3,1
127,36,116,7.02,14,27,35,1,3,77.41,51.99,5.68,93.25,79.97,0
128,32,73,9.13,6,12,31,0,9,34.82,93.42,6.01,81.18,41.75,0
129,33,105,9.49,11,8,26,0,14,68.88,52.88,9.0,82.99,86.5,0
130,25,67,7.61,1,23,19,3,6,73.4,27.64,6.0,64.0,24.28,1
131,23,107,8.29,0,21,48,4,14,38.42,36.49,7.54,67.85,31.84,0
132,45,1,9.33,15,2,7,4,17,52.35,54.26,8.17,94.34,20.91,1
133,39,67,10.14,6,12,110,3,7,71.62,67.66,8.95,50.09,41.19,1
134,33,48,5.9,11,1,60,4,11,38.7,63.2,7.4,59.97,37.57,1
135,23,85,10.39,1,22,30,3,7,66.44,27.1,9.0,92.12,63.97,0
136,30,157,10.05,8,22,16,3,16,44.07,98.5,4.2,28.99,92.8,1
137,42,4,10.73,0,24,30,4,19,69.89,27.13,7.92,76.65,20.86,0
138,22,141,10.16,3,0,23,1,12,48.81,27.01,7.1,42.91,43.74,1
139,43,153,9.78,2,21,43,3,4,51.28,60.09,9.0,49.79,55.88,1
140,30,157,11.17,13,5,67,3,13,26.47,52.24,7.64,45.96,92.93,1
141,30,24,7.56,0,3,95,0,13,91.86,86.35,9.0,43.81,90.99,1
142,22,135,11.0,4,1,68,0,14,97.05,63.96,6.92,43.39,53.02,1
143,38,59,9.1,6,18,31,2,4,82.46,56.78,6.72,24.36,94.56,1
144,29,82,8.33,8,2,21,0,13,28.08,75.37,7.02,94.75,79.19,0
145,27,123,10.9,11,5,103,1,4,90.93,55.98,5.22,34.6,41.26,1
146,25,85,8.37,4,29,55,1,20,21.54,40.79,6.34,60.15,28.29,0
147,41,180,7.01,11,10,63,4,19,41.28,31.94,6.96,29.54,83.5,1
148,23,179,6.52,12,5,42,4,9,91.37,96.43,6.2,71.61,47.2,1
149,49,96,8.82,10,22,34,2,7,38.16,91.15,8.11,53.8,85.01,1
150,28,86,8.85,10,0,109,2,2,20.97,96.52,6.04,42.24,39.72,1
151,35,134,7.78,9,4,5,1,5,26.61,61.17,8.43,87.42,76.51,0
152,29,168,7.24,8,25,119,1,9,83.9,43.43,7.07,63.68,73.59,1
153,48,10,7.34,7,26,78,3,17,95.45,39.26,7.24,29.11,26.78,1
154,23,121,10.63,15,29,119,0,11,93.51,40.18,6.7,83.15,71.92,1
155,27,150,6.92,5,21,107,0,12,33.19,30.54,7.6,74.45,79.51,1
156,44,43,6.02,12,21,43,4,0,60.67,43.8,9.0,85.5,64.08,0
157,25,110,9.41,7,0,108,4,2,99.34,27.93,5.55,50.11,78.01,1
158,34,154,6.2,1,8,112,4,8,64.34,20.42,6.06,91.86,41.27,1
159,31,143,8.09,7,18,101,1,3,50.83,71.47,6.02,78.53,28.46,1
160,42,102,7.25,4,9,38,3,12,27.44,67.06,9.0,24.86,59.3,1
161,43,131,8.96,13,17,19,3,18,59.86,26.16,6.2,24.39,38.41,1
162,24,18,10.91,15,12,100,0,0,27.09,37.65,8.82,94.88,89.31,0
163,33,160,12.72,15,14,91,3,10,79.2,96.03,5.71,35.22,58.07,1
164,42,80,12.35,10,12,51,4,18,40.74,54.37,7.62,54.36,51.05,1
165,26,89,9.41,1,2,1,0,3,81.24,32.71,6.55,65.77,21.51,0
166,24,157,11.45,7,11,106,3,6,39.76,92.5,5.99,76.95,48.23,1
167,33,69,8.96,7,10,84,1,10,31.14,62.59,6.1,50.83,39.52,0
168,35,175,9.17,6,20,42,1,11,83.02,69.95,7.49,30.87,71.64,1
169,25,48,9.93,15,11,61,0,0,32.1,38.03,6.96,38.82,82.3,1
170,49,60,14.33,1,27,58,2,8,83.34,63.91,5.39,83.52,46.43,1
171,25,1,6.75,9,1,16,2,6,63.63,24.98,7.78,58.44,78.54,0
172,37,31,8.88,6,20,20,1,3,80.54,61.55,7.39,85.97,84.0,0
173,47,124,9.63,9,16,63,1,2,92.74,63.1,6.96,57.34,18.97,1
174,38,170,10.01,2,4,51,2,11,61.87,42.97,7.44,67.59,77.82,1
175,35,142,9.14,9,27,84,3,1,45.34,88.57,8.02,87.96,33.54,1
176,25,159,7.97,11,15,107,4,3,83.89,97.42,5.97,94.13,51.26,1
177,41,20,7.15,11,5,95,2,4,64.78,62.19,8.41,73.95,85.67,1
178,49,8,8.29,3,5,50,2,11,99.05,92.1,5.41,39.07,79.64,1
179,32,29,10.09,7,25,62,0,20,53.61,92.43,5.99,75.48,26.26,0
180,42,16,13.03,4,11,11,2,2,22.49,79.14,6.62,20.29,67.94,0
181,26,147,10.17,6,30,67,3,14,44.42,37.01,6.43,22.49,35.84,1
182,32,144,9.36,6,8,99,3,12,91.91,72.06,6.54,48.46,29.27,1
183,41,71,8.52,14,13,84,0,7,79.19,93.45,5.78,41.0,82.96,1
184,30,18,8.48,8,27,84,4,6,69.71,64.73,7.68,67.63,48.24,1
185,44,165,5.6,13,10,53,2,8,43.99,79.46,7.63,23.61,86.75,1
186,34,85,10.8,8,23,55,4,16,42.82,54.33,8.02,63.0,66.0,1
187,36,19,8.87,4,28,73,4,8,73.54,86.34,5.17,85.92,58.6,0
188,32,75,10.36,13,14,15,0,18,91.4,55.47,8.93,64.38,69.72,1
189,24,54,7.07,5,11,45,2,11,96.04,68.05,7.04,75.77,53.03,0
190,45,144,9.39,12,11,6,1,7,39.11,57.57,5.3,66.69,49.93,0
191,36,83,9.16,5,16,46,0,7,22.94,28.64,5.25,45.41,78.22,0
192,31,53,14.46,13,8,9,4,16,69.37,29.11,7.12,85.57,51.95,0
193,31,146,10.52,12,0,40,3,18,52.88,92.61,6.9,73.55,61.67,1
194,27,7,7.92,8,26,46,4,14,24.76,68.3,6.15,48.79,48.78,0
195,38,146,11.26,0,0,76,1,18,48.38,95.34,9.0,70.14,67.69,1
196,30,141,5.53,1,18,118,0,6,89.9,77.92,7.07,30.66,11.0,0
197,50,11,8.74,12,14,90,4,20,84.64,37.28,4.74,55.0,79.42,1
198,31,145,7.7,3,2,45,0,20,88.94,67.22,6.33,53.76,59.24,0
199,29,62,8.84,7,6,34,3,4,71.66,23.58,6.59,77.14,90.46,1
200,38,162,5.0,10,14,95,2,10,44.9,74.17,5.05,36.34,93.98,1
201,21,30,7.38,4,29,120,2,2,97.12,50.74,7.51,22.92,12.63,0
202,38,5,8.28,10,28,15,4,9,92.01,29.29,6.89,86.63,61.25,0
203,48,112,9.4,13,19,17,4,15,81.88,98.41,6.07,55.84,55.24,1
204,43,178,7.65,2,9,98,4,18,34.17,60.6,5.66,82.3,56.31,1
205,21,91,9.65,3,18,17,2,17,69.87,65.55,6.57,66.55,27.11,0
206,37,100,8.79,3,21,19,2,20,67.93,48.28,6.35,75.94,56.69,0
207,25,19,7.95,5,16,115,2,15,27.49,80.37,6.96,56.89,35.71,1
208,50,150,6.51,14,26,75,0,18,66.18,89.25,6.93,82.06,74.98,1
209,24,134,11.33,15,7,19,2,4,60.83,70.13,6.75,89.48,11.62,1
210,31,66,8.52,5,9,42,4,15,85.58,46.67,7.25,79.5,94.2,1
211,38,7,11.42,14,4,13,4,8,81.29,87.67,5.27,66.02,17.53,0
212,24,157,8.95,14,5,75,2,7,28.88,84.66,7.04,42.47,16.53,1
213,43,161,10.32,11,1,66,1,12,73.35,36.89,8.13,84.76,44.11,1
214,43,26,8.06,5,28,103,4,6,38.08,71.24,7.07,46.84,65.06,1
215,42,30,9.02,13,9,10,3,7,64.37,70.97,8.2,59.47,49.37,0
216,35,21,6.93,13,30,4,4,7,41.71,59.74,6.17,67.22,14.62,0
217,32,48,7.75,15,21,38,0,17,57.36,47.23,7.02,90.53,17.03,0
218,22,171,6.89,3,3,82,2,12,53.79,50.19,7.22,28.7,13.59,1
219,49,160,7.32,4,20,107,4,4,97.28,80.88,7.49,91.31,69.72,1
220,39,139,8.37,4,9,17,4,15,50.81,89.27,5.8,67.58,75.52,1
221,29,123,8.43,4,12,100,1,15,49.69,89.58,7.39,74.79,65.06,1
222,33,161,10.51,8,23,8,3,17,78.97,97.97,7.17,55.11,59.23,1
223,41,12,5.51,4,9,46,4,4,92.89,87.06,7.14,73.2,90.65,1
224,40,23,8.45,12,10,25,3,5,80.98,56.39,5.96,29.86,82.86,0
225,42,180,8.62,8,1,37,4,0,79.12,37.86,6.17,68.14,58.51,1
226,33,134,10.57,3,14,51,0,10,86.38,68.49,5.88,31.42,86.45,1
227,49,156,8.79,14,27,87,3,3,96.62,95.42,5.03,78.89,94.26,1
228,48,21,9.1,8,16,59,1,11,69.58,91.69,6.45,40.72,93.44,1
229,28,103,11.25,14,19,102,3,14,24.85,75.2,7.62,71.76,89.1,1
230,44,53,8.97,0,17,38,2,1,39.35,60.05,6.36,40.6,78.59,0
231,38,77,5.0,13,2,94,4,7,36.73,24.0,8.84,83.27,93.4,1
232,48,69,9.74,8,15,68,2,15,52.53,96.24,5.19,54.42,88.15,1
233,43,54,7.36,0,10,43,4,15,98.18,80.58,8.58,32.13,50.54,0
234,21,170,10.66,6,16,59,3,17,81.73,59.91,7.74,37.15,63.92,1
235,44,169,10.76,7,15,91,4,2,91.57,20.04,6.46,87.6,23.07,1
236,27,66,6.07,3,19,117,2,2,96.07,66.17,8.43,38.83,57.95,0
237,47,81,6.58,9,25,109,3,19,22.2,87.19,7.88,76.38,29.44,0
238,24,138,10.42,7,18,21,2,11,80.7,42.6,7.94,90.98,85.87,1
239,41,131,6.16,7,8,112,2,15,88.4,36.57,7.26,25.34,15.87,1
240,23,110,10.42,7,26,40,4,3,75.49,81.69,5.86,85.69,55.82,1
241,44,115,7.99,13,20,62,0,5,24.37,97.85,6.9,36.96,35.86,0
242,39,85,7.5,14,3,92,3,5,78.54,71.25,8.78,65.72,86.16,1
243,25,24,7.29,8,29,112,2,14,84.54,98.79,5.89,76.57,43.42,1
244,47,30,10.96,9,9,32,2,1,82.45,66.7,7.78,42.24,70.73,0
245,41,100,9.07,8,18,36,0,8,55.91,32.72,5.85,33.51,18.35,0
246,46,166,9.44,12,29,57,0,1,84.57,35.62,5.44,93.39,82.81,0
247,37,75,7.58,15,0,81,2,14,60.53,50.98,9.0,87.99,11.37,0
248,34,57,9.6,0,13,34,4,3,64.72,60.09,7.37,60.56,46.52,1
249,25,26,6.93,15,29,99,2,11,38.14,90.35,6.94,80.66,67.56,0
250,42,114,11.03,8,4,72,2,17,86.63,92.49,7.08,41.57,36.08,1
251,47,139,5.96,8,27,78,4,0,42.86,54.62,8.34,71.41,38.26,1
252,24,32,7.9,12,19,54,2,19,42.23,42.11,7.41,25.06,54.09,1
253,37,65,12.03,9,19,41,0,16,51.81,41.14,6.26,35.4,51.06,0
254,30,165,6.99,5,25,43,2,14,96.11,43.78,7.24,66.77,65.12,1
255,50,52,10.62,0,15,70,0,3,39.96,20.16,5.62,33.06,19.95,1
256,47,149,7.04,2,15,21,2,3,76.09,74.41,6.72,63.72,31.51,0
257,24,82,8.78,12,13,106,0,9,20.67,54.69,7.6,26.95,73.61,1
258,35,131,10.65,12,26,73,2,18,67.16,69.06,5.45,73.55,17.77,1
259,37,150,8.85,13,4,43,1,7,48.39,53.98,6.71,36.15,60.75,0
260,43,137,11.55,1,5,19,3,12,82.94,51.8,4.99,94.07,34.78,1
261,34,72,10.2,6,16,60,3,0,91.63,73.32,6.3,79.05,48.62,0
262,48,167,10.39,3,17,107,4,14,25.12,85.98,6.43,21.64,35.59,1
263,27,60,8.05,11,14,1,2,13,20.92,52.7,6.96,89.3,19.51,0
264,48,20,9.17,1,6,67,4,14,74.81,28.83,5.79,38.75,53.78,0
265,43,152,6.3,3,23,25,4,13,93.1,96.23,5.41,44.51,40.13,1
266,21,112,9.02,4,28,9,2,12,60.25,35.51,7.5,82.84,82.99,1
267,23,157,13.11,12,14,37,4,13,50.78,59.15,5.64,52.22,72.95,1
268,32,17,11.24,13,21,118,0,16,53.14,78.59,8.34,28.88,28.01,1
269,31,166,8.71,2,21,15,3,7,98.9,53.18,6.29,76.54,84.07,1
270,30,156,12.44,1,1,115,4,0,70.51,62.6,7.3,28.79,38.66,1
271,44,25,6.97,9,16,67,1,16,96.12,82.12,7.04,65.85,82.87,0
272,49,116,12.42,10,25,16,0,8,62.85,86.89,7.43,56.38,38.36,1
273,29,156,9.67,12,14,3,2,20,52.78,71.82,6.64,21.16,33.87,1
274,28,35,8.83,14,27,116,0,16,25.93,50.04,6.65,94.79,57.52,1
275,49,66,7.73,15,7,59,3,19,23.63,48.0,5.57,89.7,42.23,1
276,29,91,9.61,14,27,98,4,14,23.89,66.48,8.72,59.08,39.77,0
277,46,98,11.15,12,26,71,3,8,47.76,51.26,8.83,31.9,31.95,1
278,46,35,12.98,9,4,117,1,11,57.91,77.31,5.98,43.54,30.53,0
279,47,129,10.7,11,10,79,0,1,30.69,55.51,6.81,53.81,91.47,1
280,45,165,5.0,2,29,61,0,12,86.07,57.05,8.08,81.78,15.37,0
281,41,131,9.7,7,19,101,3,11,32.05,37.38,6.97,54.8,32.44,1
282,35,4,8.59,11,23,46,1,15,45.84,91.83,6.6,87.57,94.67,1
283,26,145,8.06,5,28,38,2,19,92.25,94.69,7.77,80.1,67.31,1
284,35,143,8.62,12,12,113,2,19,91.34,87.93,6.77,26.02,36.54,1
285,42,165,6.94,6,14,107,1,2,95.07,53.19,8.34,50.18,43.2,1
286,39,170,7.79,1,9,61,2,19,65.56,89.47,5.22,66.39,63.81,1
287,25,50,8.4,5,16,42,3,5,67.45,24.27,3.5,54.11,67.36,0
288,43,74,11.96,4,11,5,0,8,25.58,64.38,7.9,51.04,27.35,0
289,42,174,10.27,1,19,50,0,10,56.29,56.39,6.92,71.43,87.37,1
290,33,65,9.27,4,16,102,1,3,26.28,79.25,7.23,72.7,15.65,0
291,46,157,9.41,6,15,46,2,6,60.13,98.09,7.89,71.26,41.91,1
292,29,162,9.39,2,19,37,1,16,69.81,97.87,8.43,24.68,38.5,1
293,27,52,8.59,1,6,108,1,1,58.0,24.42,6.1,90.68,16.36,0
294,25,125,5.0,8,7,72,3,7,36.58,70.45,6.46,46.53,35.71,1
295,24,100,10.7,13,4,64,1,7,44.29,44.94,8.8,20.24,24.81,1
296,30,56,11.07,6,9,53,1,8,35.26,47.76,7.26,69.82,26.94,0
297,35,62,9.35,15,8,40,3,20,59.15,79.33,5.75,56.94,51.07,1
298,23,47,11.07,1,15,55,3,7,35.71,96.12,7.31,63.45,51.62,0
299,42,131,7.24,14,5,120,3,20,42.29,37.5,8.15,33.71,80.19,1
300,28,71,8.62,13,24,6,2,9,49.39,26.96,8.42,79.69,24.89,0
301,45,126,7.64,9,19,103,3,12,69.88,68.02,6.19,24.01,42.01,1
302,21,142,7.25,12,16,24,1,7,93.66,23.2,5.88,37.86,87.22,1
303,27,155,7.79,1,21,82,0,6,94.81,50.06,7.55,73.11,50.43,1
304,36,54,10.5,0,7,83,3,14,92.85,60.79,6.22,22.62,56.85,1
305,40,136,8.43,2,10,98,0,14,57.25,81.87,7.34,88.62,26.08,0
306,31,41,9.97,13,18,11,2,16,36.86,64.52,7.24,89.55,41.1,0
307,26,164,8.14,7,8,49,2,18,47.61,22.41,8.88,92.11,66.77,1
308,37,5,9.43,2,23,102,3,1,69.57,67.97,4.37,88.47,38.88,0
309,33,51,9.94,3,22,60,2,2,31.38,45.05,9.0,83.72,17.56,0
310,32,113,9.46,3,5,108,2,8,39.2,76.81,5.94,53.66,87.62,1
311,23,151,13.15,9,19,64,1,18,92.35,85.39,6.55,76.78,14.73,1
312,22,94,12.49,1,19,12,3,15,75.28,41.73,6.4,45.66,46.55,1
313,37,115,9.71,0,19,38,4,14,95.99,30.97,6.32,75.04,63.74,0
314,26,112,11.75,10,15,108,3,17,28.47,89.84,9.0,50.81,57.65,1
315,40,60,8.52,4,22,37,2,12,66.81,38.1,7.2,87.18,76.6,1
316,31,107,12.03,11,6,90,4,7,43.71,95.07,4.71,23.78,14.49,1
317,32,128,5.96,14,0,65,0,9,48.74,85.88,6.72,81.55,50.57,0
318,35,16,6.21,0,21,90,4,16,86.77,48.67,7.16,33.7,21.87,1
319,35,53,10.5,14,20,120,2,5,74.34,26.13,7.84,51.56,61.14,1
320,26,58,9.82,15,17,18,3,16,94.25,87.59,6.14,58.42,75.75,1
321,35,162,8.57,3,2,32,1,15,23.74,45.57,6.24,52.86,86.44,1
322,24,140,10.06,5,25,14,4,15,37.36,43.04,6.45,88.04,23.28,1
323,46,27,12.7,2,21,8,2,8,45.04,86.92,7.19,23.77,49.49,0
324,36,29,7.01,9,5,18,1,4,82.48,51.86,8.14,69.35,10.69,0
325,44,121,8.21,12,22,6,1,17,39.96,63.8,6.68,40.58,86.63,1
326,23,105,8.5,10,10,17,3,3,38.71,36.87,7.33,53.04,21.25,0
327,42,111,7.33,9,2,9,3,11,72.76,75.04,9.0,29.03,89.78,1
328,35,68,6.7,14,19,87,0,1,33.67,53.45,7.47,26.31,43.41,0
329,43,126,6.73,2,10,11,4,20,95.86,44.37,7.41,39.84,33.79,1
330,23,89,8.95,15,5,57,3,10,44.51,23.22,4.92,93.04,56.26,1
331,47,154,6.96,6,30,111,3,11,52.84,33.07,8.12,36.63,36.99,1
332,46,35,8.57,11,21,93,3,4,26.68,36.89,3.51,45.08,43.54,0
333,34,179,9.5,15,4,27,3,19,78.71,47.72,5.58,50.58,20.67,1
334,50,44,8.22,2,22,34,4,10,71.32,40.79,5.8,50.85,30.45,0
335,35,78,10.03,3,17,82,4,19,72.51,62.81,8.17,26.15,12.97,1
336,24,146,5.0,9,29,31,2,20,89.29,43.16,9.0,50.84,46.34,1
337,48,16,13.45,6,20,31,2,0,30.33,27.96,7.01,65.24,54.51,0
338,31,91,5.67,15,0,47,3,20,81.23,40.24,8.08,44.32,67.5,1
339,37,48,10.47,13,19,38,3,9,75.39,38.67,9.0,66.9,73.5,1
340,40,106,7.02,10,8,80,1,1,52.91,30.11,7.09,80.51,81.57,0
341,27,59,10.38,3,23,118,2,1,73.11,97.22,8.33,23.78,85.68,1
342,44,148,12.9,9,13,78,4,17,30.2,84.02,8.06,94.58,61.47,1
343,21,172,9.74,2,22,96,4,15,37.43,72.95,7.18,67.53,60.44,1
344,34,60,6.51,6,13,32,3,16,86.52,93.47,6.09,50.15,71.96,1
345,47,78,10.17,13,21,62,4,19,65.26,61.16,4.71,26.38,56.65,1
346,48,88,5.82,7,22,1,3,11,27.73,34.15,6.96,59.89,84.26,0
347,23,19,11.55,9,20,111,0,16,59.12,88.76,7.41,64.42,69.05,1
348,25,107,7.47,11,19,109,3,8,84.33,54.08,7.82,77.56,36.14,1
349,35,180,7.73,7,19,72,1,15,42.58,43.85,7.85,40.84,75.58,1
350,39,11,9.93,14,30,55,2,9,85.61,23.33,9.0,38.92,36.16,0
351,30,64,9.08,3,21,47,2,6,57.29,35.19,7.49,72.63,57.3,0
352,34,52,8.51,7,15,13,0,19,74.05,51.67,6.66,50.92,89.45,1
353,43,172,9.44,14,24,26,0,18,26.14,33.28,5.83,24.58,52.44,1
354,26,105,8.94,10,14,53,3,5,56.43,53.2,6.22,34.82,25.34,1
355,45,134,7.01,10,19,33,0,11,51.34,33.01,7.08,75.08,27.75,0
356,50,177,7.64,8,28,35,4,18,43.64,62.4,8.06,31.13,24.63,1
357,49,15,11.12,14,3,37,0,6,95.17,80.41,7.2,64.0,80.42,0
358,32,11,7.34,13,3,18,1,20,35.62,74.28,5.82,65.25,78.14,0
359,39,100,9.8,13,26,39,0,20,21.03,38.14,6.41,62.52,39.88,0
360,32,17,9.14,2,6,43,1,11,80.17,92.44,6.49,53.09,26.95,0
361,24,112,7.47,1,11,6,1,20,53.13,96.64,7.01,60.58,61.43,1
362,29,172,6.45,5,4,87,4,9,42.67,86.98,4.39,66.9,11.05,1
363,23,82,7.28,2,5,12,4,18,90.69,41.65,7.98,34.56,50.33,1
364,23,8,14.5,11,13,77,4,6,27.84,23.53,7.21,68.42,13.87,0
365,31,109,5.0,1,11,89,0,13,61.48,39.67,4.66,46.86,94.11,1
366,38,140,9.26,10,13,28,1,18,46.49,81.28,9.0,63.47,11.89,0
367,45,66,9.1,7,15,103,4,12,33.56,24.08,7.59,66.31,27.66,0
368,35,62,9.42,11,14,77,1,14,48.0,82.59,7.05,36.85,43.94,1
369,39,170,7.81,6,27,92,3,0,86.61,84.33,8.29,84.98,15.07,0
370,23,167,9.85,15,5,77,3,15,70.62,81.51,7.61,52.55,20.84,1
371,29,64,6.28,6,10,107,4,10,47.99,39.5,5.8,69.19,26.9,0
372,44,114,7.57,14,7,51,1,6,82.42,65.11,8.06,62.55,77.68,0
373,46,39,8.48,6,19,101,4,16,75.52,34.62,9.0,43.93,45.32,1
374,26,172,9.64,10,13,66,2,20,57.73,27.31,8.02,50.55,54.32,1
375,50,0,9.46,8,15,98,4,18,84.67,68.93,8.29,42.18,31.74,0
376,36,103,8.03,6,17,34,0,12,67.04,54.12,6.13,26.58,24.61,0
377,50,17,7.56,8,30,15,3,7,73.51,83.89,5.12,89.96,11.71,1
378,38,110,6.04,1,28,13,3,9,78.87,36.67,7.42,43.98,14.85,0
379,50,116,5.37,11,23,73,3,6,45.01,52.85,5.73,35.73,93.01,1
380,34,178,9.38,4,22,95,0,17,46.28,24.36,9.0,74.46,41.19,0
381,23,81,7.71,4,18,86,2,18,61.87,93.72,5.78,80.91,80.14,1
382,23,13,11.1,0,18,102,3,6,22.05,83.04,6.68,80.93,17.0,0
383,36,82,8.25,12,6,27,1,1,41.9,92.95,7.86,27.31,82.53,1
384,34,151,8.7,10,25,115,1,2,34.17,20.41,6.0,71.2,30.03,1
385,47,71,8.21,5,26,71,0,12,76.4,79.36,7.83,70.83,31.45,0
386,28,6,9.15,10,0,91,3,8,85.64,74.13,5.53,63.34,36.17,1
387,37,175,9.76,3,14,62,2,19,57.5,76.45,7.45,89.16,22.07,1
388,38,49,8.15,5,13,114,2,14,89.0,38.65,8.16,84.76,21.24,1
389,28,95,8.82,1,29,79,3,13,47.53,61.64,7.16,53.05,84.79,1
390,26,13,13.62,7,26,54,1,16,56.1,89.53,4.27,50.8,79.5,1
391,25,15,9.86,10,16,80,1,1,94.47,72.86,8.05,75.98,36.48,0
392,36,50,10.36,8,4,104,0,4,88.97,28.43,7.83,41.1,79.89,1
393,49,165,10.19,6,0,97,0,3,60.99,47.91,7.44,48.11,62.81,1
394,24,69,9.66,13,15,34,1,9,41.96,69.97,6.89,75.43,68.35,0
395,49,169,9.62,5,18,30,1,1,56.86,99.11,7.52,56.24,93.89,1
396,21,67,10.65,13,16,52,1,10,41.37,62.77,6.5,91.55,20.36,0
397,26,127,9.23,6,18,86,0,2,49.06,55.09,5.66,93.31,78.67,1
398,21,30,12.38,13,15,18,1,16,45.17,73.92,5.82,44.47,11.76,1
399,38,124,12.42,15,11,61,1,15,29.24,86.91,6.8,57.68,11.22,1
400,22,45,13.98,12,3,78,2,1,33.41,44.82,8.74,75.46,64.87,1
401,42,57,8.56,12,0,23,1,12,96.45,96.29,6.11,46.42,13.66,0
402,45,68,6.63,12,1,55,1,0,60.65,69.62,4.2,77.6,63.43,0
403,49,33,12.11,6,2,58,1,10,25.52,46.78,4.02,43.53,64.03,0
404,22,157,8.2,3,20,60,0,0,35.74,39.0,8.17,65.07,69.17,0
405,35,61,8.03,13,26,114,1,1,50.26,61.38,7.64,50.98,26.94,0
406,46,73,8.7,8,4,48,2,20,50.94,26.45,6.46,26.73,87.42,1
407,22,95,6.88,8,3,81,0,20,65.63,66.53,6.95,73.6,30.42,0
408,30,108,8.11,0,17,42,3,4,67.95,36.1,7.0,63.73,59.21,0
409,32,8,8.98,11,4,119,2,19,58.99,75.31,4.61,39.63,63.06,1
410,21,41,9.92,2,16,108,0,11,84.94,47.35,8.38,47.24,77.48,0
411,41,117,11.79,15,23,61,0,16,21.6,25.0,7.85,49.06,59.59,1
412,40,79,7.64,6,8,78,2,13,43.35,79.89,5.2,92.55,70.79,0
413,31,1,7.23,11,25,44,0,12,69.46,74.45,3.89,70.0,53.43,0
414,30,86,8.8,14,12,23,0,15,64.05,32.25,7.81,74.84,75.43,1
415,24,77,5.28,12,13,6,4,3,29.55,46.23,8.04,81.18,60.77,0
416,36,18,5.0,5,19,27,4,10,26.74,48.49,5.61,82.08,72.89,0
417,41,36,9.31,7,20,11,1,2,44.5,41.21,4.8,72.21,26.39,0
418,30,121,7.21,0,16,67,2,0,65.15,68.05,6.52,66.29,92.43,0
419,25,18,9.15,1,5,8,4,18,58.98,21.98,7.15,38.66,44.67,0
420,24,9,8.17,4,19,112,3,9,54.9,72.66,4.97,61.86,39.5,0
421,27,19,9.01,0,25,38,4,11,45.28,88.18,7.98,23.07,14.22,0
422,39,9,9.34,7,7,21,4,6,58.68,54.33,6.41,34.62,52.92,1
423,40,169,9.24,10,22,98,0,19,54.0,50.63,6.19,73.93,56.54,1
424,40,34,7.32,2,17,118,1,13,48.02,69.38,6.65,50.32,94.43,1
425,22,163,5.35,8,3,42,2,17,56.45,58.56,7.17,76.83,33.96,1
426,41,135,8.56,1,24,112,4,12,45.39,37.63,5.85,76.38,87.03,1
427,32,155,11.26,11,1,101,1,11,30.09,66.54,7.12,77.48,44.55,1
428,30,51,10.68,12,8,53,1,14,36.14,92.71,7.92,42.57,25.64,1
429,41,64,10.33,12,4,23,4,20,57.48,31.84,5.81,93.85,27.77,0
430,49,67,8.28,7,15,31,4,9,22.75,55.67,7.1,26.5,55.76,1
431,42,27,8.64,13,1,77,1,12,74.13,49.07,7.19,90.36,33.42,1
432,28,100,6.94,15,18,74,2,14,79.08,25.1,5.2,42.84,93.55,1
433,38,79,11.42,2,8,61,4,17,79.27,63.41,6.41,69.02,33.29,1
434,33,177,14.14,14,27,42,3,19,43.99,57.94,6.45,50.0,14.88,1
435,23,173,12.37,5,3,49,2,8,66.82,40.51,8.2,90.05,21.14,1
436,35,167,11.88,15,18,43,1,16,77.38,66.57,7.46,54.27,50.38,1
437,32,157,7.47,6,20,56,3,11,36.32,86.12,6.96,61.83,14.64,1
438,35,144,9.96,1,4,77,2,12,35.41,30.33,8.18,55.37,29.34,0
439,32,116,9.92,4,22,10,1,8,34.33,91.29,6.79,54.53,70.32,1
440,27,77,7.98,4,29,85,0,8,23.76,21.56,6.58,90.19,48.85,0
441,39,49,8.68,0,3,108,1,5,92.71,82.82,8.12,56.56,90.36,1
442,45,155,7.74,4,23,21,1,14,42.6,42.32,7.13,26.19,23.13,0
443,33,54,8.84,15,22,70,2,20,65.67,92.77,8.31,20.46,78.91,1
444,35,1,9.05,14,29,100,2,16,37.05,89.37,6.91,27.78,35.11,1
445,30,56,7.31,13,23,75,2,16,91.66,22.32,7.46,37.97,12.75,1
446,47,108,5.0,11,19,65,4,16,80.05,38.88,6.64,33.65,53.59,1
447,36,173,9.45,10,6,49,4,17,89.44,66.65,6.45,73.85,41.62,1
448,29,178,7.22,2,17,5,3,3,87.0,45.84,6.35,28.96,29.58,0
449,43,67,8.45,6,24,95,3,9,45.66,35.38,7.29,43.21,92.87,0
450,50,107,5.0,9,16,68,0,18,68.59,27.09,6.45,64.71,72.86,1
451,50,161,8.72,2,2,86,1,18,25.81,35.93,8.45,46.09,62.72,1
452,27,87,9.25,0,19,6,2,4,77.79,20.59,5.63,84.97,84.08,0
453,23,2,5.36,15,21,35,3,7,27.32,79.73,6.38,20.94,64.78,0
454,37,1,7.68,8,12,52,1,19,34.08,89.3,5.68,84.67,79.37,0
455,32,68,10.36,11,12,120,1,0,51.74,54.5,5.62,62.7,10.18,0
456,50,70,5.58,4,23,10,1,19,61.5,24.09,6.94,43.27,25.45,0
457,40,177,12.88,6,16,45,2,5,76.61,28.5,4.68,78.19,78.68,1
458,48,112,9.57,12,7,37,0,19,41.24,84.54,7.86,26.4,83.63,1
459,39,63,6.82,15,11,82,0,15,28.35,31.64,7.16,85.78,54.9,0
460,43,91,8.84,4,6,45,3,12,23.94,40.6,6.51,48.88,90.15,1
461,22,52,10.03,14,18,9,4,18,54.94,57.12,7.98,79.18,61.25,0
462,22,90,6.9,3,10,111,1,0,61.14,63.14,8.0,76.38,60.01,0
463,39,129,10.08,15,9,69,0,1,57.09,82.74,8.05,91.02,33.39,1
464,35,69,8.68,15,16,3,1,4,48.42,74.6,8.51,40.11,36.83,1
465,50,14,8.36,4,2,52,4,15,56.74,26.16,7.13,70.31,79.81,0
466,34,138,5.97,7,7,97,4,6,35.4,28.15,6.74,45.68,56.45,1
467,35,93,9.96,15,3,84,4,4,24.56,67.02,8.8,83.03,11.49,1
468,34,116,7.81,0,24,73,0,12,22.13,78.82,8.43,75.63,67.39,1
469,27,41,7.26,13,1,25,0,20,69.58,26.19,6.59,58.46,39.18,0
470,46,69,5.71,4,1,58,1,17,86.76,24.5,7.77,41.46,64.44,1
471,37,128,10.26,6,10,88,3,12,93.19,36.94,6.24,30.82,74.51,1
472,36,58,9.0,0,18,54,0,1,67.49,80.39,6.39,50.41,93.65,0
473,38,102,8.68,11,6,49,1,0,28.28,72.53,8.5,88.02,24.34,0
474,24,31,9.98,11,12,1,3,2,44.3,27.44,8.63,30.6,21.08,0
475,31,108,8.02,8,17,22,1,20,37.46,24.38,8.29,21.33,18.74,0
476,48,158,6.52,2,8,95,0,4,34.67,20.55,9.0,36.97,21.2,0
477,39,1,9.43,4,17,16,3,11,59.14,37.42,6.64,25.87,58.74,0
478,31,80,7.18,4,12,106,0,16,40.23,25.38,7.49,67.49,71.29,0
479,35,133,11.9,8,16,44,2,13,98.38,89.48,5.29,33.05,13.93,1
480,40,57,9.32,15,24,57,4,3,53.1,74.31,6.75,77.75,63.56,1
481,25,158,7.99,0,29,67,1,11,82.54,36.3,6.78,39.55,17.86,0
482,24,24,5.38,2,12,103,3,2,85.67,42.52,7.25,89.66,52.22,0
483,34,68,12.55,15,23,43,0,1,70.98,25.66,6.45,47.12,55.46,1
484,50,151,9.32,4,5,43,3,16,90.93,52.88,8.96,51.3,22.27,1
485,28,179,7.53,14,28,30,1,14,96.78,88.13,6.2,84.78,44.58,1
486,43,154,9.83,7,25,27,2,17,20.6,53.81,6.46,74.92,29.81,1
487,43,134,6.29,4,9,92,4,4,66.26,67.81,7.5,75.42,12.48,0
488,38,116,9.12,13,25,16,4,6,60.59,55.32,6.52,85.17,86.88,1
489,30,145,8.53,9,16,119,4,5,86.54,57.06,9.0,56.51,89.47,1
490,36,103,9.54,1,24,13,4,8,34.53,44.19,6.95,83.98,89.35,0
491,46,33,8.41,9,23,59,0,18,28.76,97.27,5.88,33.11,65.08,1
492,25,128,7.07,10,27,63,4,17,28.04,60.73,6.92,36.55,55.33,1
493,31,57,7.65,5,14,60,1,8,21.57,90.35,6.11,92.42,39.03,0
494,46,28,10.05,2,25,78,0,15,23.59,69.8,5.81,77.73,78.93,0
495,41,26,8.75,15,11,100,3,12,73.79,75.13,7.71,45.61,28.33,1
496,34,157,10.22,4,8,85,2,4,23.99,31.99,9.0,68.39,11.44,1
497,48,30,5.6,7,8,27,2,1,73.28,85.81,7.02,21.0,56.07,0
498,26,147,5.0,1,24,2,0,5,45.88,85.54,8.36,35.98,61.66,0
499,45,114,11.52,1,21,103,4,14,29.56,69.78,7.82,90.08,27.56,1
500,44,177,9.8,3,27,16,1,19,53.44,88.26,6.72,85.61,20.96,0
501,38,127,9.87,15,17,15,3,16,71.14,38.85,7.13,73.52,84.26,1
502,36,28,9.5,6,20,14,0,0,85.17,94.89,7.77,60.18,43.51,0
503,39,180,5.0,6,29,110,0,6,64.34,67.03,6.02,90.09,71.72,1
504,45,73,13.78,9,23,85,2,15,33.51,56.85,7.58,61.38,40.31,0
505,37,20,8.8,0,8,6,2,19,78.48,26.13,7.45,69.8,30.19,0
506,43,0,8.82,4,5,45,1,14,24.18,88.2,7.37,46.44,71.43,0
507,44,58,8.94,15,25,112,4,19,63.59,41.58,5.41,72.68,66.01,1
508,41,91,9.29,2,10,63,2,16,82.94,60.78,6.03,41.35,41.96,1
509,35,28,7.39,1,19,15,3,3,75.95,28.96,7.09,83.71,55.29,0
510,28,156,8.95,10,4,18,1,13,58.99,70.01,7.13,60.52,14.28,1
511,34,155,6.94,9,10,15,2,15,86.89,32.38,7.75,42.59,31.16,0
512,34,8,7.58,8,18,35,4,20,31.37,24.23,6.36,82.73,53.51,0
513,42,66,9.37,1,1,15,4,16,59.93,28.81,8.18,49.21,30.49,0
514,44,119,8.25,7,5,34,2,0,93.65,27.49,7.15,20.1,85.99,1
515,31,162,5.03,11,23,8,1,12,75.4,39.48,6.79,89.87,18.91,0
516,35,25,5.52,8,4,98,3,6,49.34,28.46,5.92,93.95,76.36,0
517,36,152,10.65,2,11,95,1,19,32.73,48.33,7.19,51.46,43.21,0
518,22,105,10.3,2,25,9,2,17,33.54,35.0,8.15,41.54,37.86,0
519,30,67,13.29,4,26,111,0,15,29.64,88.12,8.07,31.75,92.85,1
520,42,5,11.46,10,26,40,3,1,94.27,25.25,9.0,68.95,31.73,1
521,48,96,8.23,7,12,19,2,0,77.09,36.6,7.52,62.66,83.76,1
522,22,136,8.86,7,22,35,1,6,77.43,99.41,5.71,70.4,69.68,1
523,22,45,9.1,13,5,8,4,7,49.03,68.09,6.79,83.65,85.53,1
524,49,8,8.75,0,27,113,4,12,66.17,71.82,7.1,58.21,56.39,0
525,45,45,12.84,8,2,11,3,9,24.22,23.01,6.21,73.79,55.74,0
526,27,55,9.11,7,0,56,3,11,39.8,71.62,8.26,51.33,16.21,0
527,42,74,6.86,15,26,103,3,6,23.0,65.54,8.1,89.06,92.32,0
528,33,76,13.08,6,22,36,0,11,39.22,57.58,9.0,46.76,23.96,0
529,35,32,9.98,8,22,72,2,12,77.45,66.52,8.19,91.08,14.56,1
530,35,70,11.72,5,2,62,4,6,42.38,65.2,6.8,76.26,68.94,0
531,30,111,11.31,7,22,106,4,16,63.9,83.7,7.24,63.73,91.62,1
532,28,165,13.21,5,20,93,0,3,23.82,48.18,6.63,34.94,46.11,1
533,32,95,9.29,15,5,108,2,19,24.66,40.98,7.27,52.71,23.34,1
534,42,158,5.89,10,9,56,0,11,26.04,69.43,5.66,91.58,84.3,1
535,42,45,7.03,3,18,78,4,17,99.96,69.79,8.02,52.32,34.49,0
536,46,112,9.25,5,29,23,0,2,38.43,74.82,9.0,83.9,40.31,0
537,50,58,8.46,5,26,105,1,3,61.37,29.37,5.23,59.61,20.78,0
538,39,63,14.08,2,14,6,1,19,50.69,53.95,7.9,42.42,44.92,1
539,21,48,8.48,14,9,81,4,6,26.41,57.96,6.92,20.75,17.21,1
540,45,140,10.33,6,18,106,4,6,36.53,89.93,7.44,76.04,27.8,1
541,45,74,10.49,12,1,16,4,4,99.88,21.99,8.66,82.64,41.06,1
542,50,60,11.4,9,6,103,2,5,59.97,24.91,8.0,92.79,57.51,1
543,49,91,9.81,0,30,65,2,5,31.55,55.37,7.02,45.06,54.36,0
544,38,30,9.03,10,16,55,4,3,96.41,39.21,5.81,63.27,23.16,0
545,24,5,10.1,4,22,89,1,6,20.47,26.28,9.0,86.09,16.62,0
546,40,156,9.45,11,7,88,2,18,95.35,79.17,7.31,50.77,50.01,1
547,21,132,10.11,15,13,24,2,14,69.3,58.63,6.29,49.27,87.27,1
548,41,56,10.81,6,19,64,2,1,29.34,30.33,7.87,43.13,83.91,1
549,46,36,7.31,12,14,90,2,15,61.96,72.15,7.77,78.46,75.21,1
550,38,38,7.86,6,10,36,3,0,94.38,95.83,6.91,65.73,31.75,0
551,30,129,10.5,14,5,67,2,14,41.05,77.95,7.79,34.22,85.84,1
552,38,115,8.38,8,23,2,3,1,61.69,31.98,7.15,61.98,40.52,0
553,39,129,11.53,4,23,68,3,19,32.16,30.43,6.43,45.92,78.65,1
554,46,79,10.45,5,13,65,0,10,89.15,44.75,5.24,60.76,16.18,0
555,47,141,5.74,15,9,32,1,18,48.71,68.8,6.23,48.69,35.88,1
556,34,48,6.19,0,8,84,4,18,72.92,92.26,6.75,73.17,80.02,1
557,31,166,7.36,13,14,7,4,15,81.78,26.04,6.8,82.07,46.35,1
558,50,71,9.38,12,28,33,1,14,56.77,37.89,6.77,32.07,57.87,1
559,45,145,8.71,15,0,58,2,8,65.61,88.95,8.17,55.78,94.54,1
560,35,68,9.44,8,25,22,0,6,33.94,97.03,6.5,88.64,49.54,0
561,49,48,12.24,4,30,98,0,13,61.61,68.86,8.87,39.82,34.42,1
562,36,50,9.1,7,5,42,4,17,67.05,31.06,8.81,64.92,33.32,0
563,40,137,9.39,6,28,10,3,0,28.52,75.07,8.31,39.48,31.65,1
564,23,60,11.32,10,30,81,0,9,85.94,65.19,7.19,80.57,53.24,0
565,21,131,10.46,2,8,86,3,9,94.57,81.62,7.07,76.08,29.9,1
566,36,0,7.58,4,7,48,1,12,51.01,45.86,6.78,49.27,19.02,0
567,31,116,10.33,1,24,50,1,1,26.83,92.76,5.03,34.52,45.38,1
568,34,89,6.75,14,15,103,0,18,82.5,21.55,8.31,40.64,87.31,1
569,27,153,9.9,14,25,42,0,3,44.27,51.43,6.6,33.47,59.14,1
570,33,30,10.18,4,21,98,2,8,58.26,34.45,9.0,22.23,10.83,0
571,30,131,10.37,10,13,38,3,12,87.36,58.63,6.94,69.45,53.41,1
572,34,161,8.83,0,21,31,1,7,20.29,45.6,5.25,34.97,13.21,0
573,23,85,10.38,2,8,62,4,11,98.23,36.05,6.26,36.15,34.81,1
574,47,171,6.75,7,5,47,3,15,23.88,36.82,9.0,22.97,44.26,1
575,32,72,10.95,5,9,77,3,18,24.28,55.66,8.68,23.7,58.39,1
576,33,57,7.75,8,0,14,4,15,23.76,65.31,6.36,37.15,85.01,1
577,36,143,8.66,7,19,3,4,11,91.0,71.3,8.96,51.02,34.89,1
578,42,32,5.0,13,26,76,1,13,92.23,88.03,5.87,25.67,59.05,1
579,34,171,12.16,8,19,54,0,18,35.53,62.93,6.51,90.11,80.97,1
580,43,60,10.68,8,7,16,4,19,84.18,47.9,5.97,87.22,44.38,1
581,38,66,10.75,0,26,57,2,10,86.5,81.34,7.67,46.3,42.03,0
582,23,72,7.68,9,8,39,1,1,76.73,21.68,7.9,43.23,82.99,0
583,33,167,7.54,11,13,68,0,3,20.75,84.7,6.8,39.45,64.07,1
584,50,145,8.72,13,11,112,4,19,41.28,67.27,6.54,89.96,16.66,1
585,23,115,10.28,0,24,59,4,4,44.21,57.42,7.74,40.46,49.4,1
586,34,0,10.98,9,25,89,1,14,74.17,82.28,7.33,22.57,52.29,0
587,47,73,8.04,11,22,68,4,9,84.45,24.66,5.65,89.09,84.33,1
588,40,12,9.05,11,1,19,4,10,69.49,44.79,7.27,29.53,40.32,1
589,25,174,9.82,7,11,53,3,9,35.3,45.02,6.67,56.45,66.45,1
590,48,157,9.06,4,22,67,1,10,35.3,61.37,7.22,62.89,87.13,1
591,49,167,11.08,9,25,94,0,15,25.58,58.3,7.11,32.93,73.95,1
592,50,102,10.71,6,21,106,2,12,70.1,73.52,7.42,39.86,89.36,1
593,23,14,7.43,12,20,97,3,18,28.32,96.99,7.85,86.77,32.98,0
594,35,133,11.64,3,8,101,3,1,25.61,89.16,3.53,65.83,63.06,1
595,47,77,7.25,12,10,76,2,18,84.62,48.51,6.03,27.57,91.76,1
596,24,156,13.12,0,3,44,4,3,38.25,93.78,4.92,57.65,61.43,1
597,23,26,11.57,12,15,103,2,3,30.49,81.29,3.5,89.93,90.52,0
598,30,101,8.32,13,16,41,2,4,40.22,52.53,8.51,54.22,24.52,0
599,36,108,6.64,3,26,75,4,16,95.02,92.98,7.04,90.96,30.8,1
600,42,91,7.51,7,28,73,1,3,65.56,47.45,6.09,77.35,34.2,0
601,47,30,7.04,5,22,14,1,14,97.45,82.36,6.57,21.68,60.99,1
602,50,90,10.08,6,30,79,1,0,84.99,88.27,6.74,87.8,37.26,0
603,50,80,8.13,10,10,70,0,5,20.03,84.47,9.0,25.94,26.28,0
604,35,121,5.0,4,25,36,1,6,22.38,25.74,6.03,77.27,94.37,1
605,21,37,9.15,8,29,57,0,15,42.68,95.87,8.24,83.18,71.4,0
606,30,130,8.95,0,18,60,2,17,71.15,30.32,5.01,86.58,13.45,0
607,40,177,7.96,3,16,50,4,13,55.35,81.66,8.02,39.8,10.46,1
608,44,87,9.53,8,21,76,0,14,25.44,35.5,7.84,34.19,58.75,0
609,29,180,9.06,5,21,119,0,12,30.25,29.83,5.61,66.47,67.42,1
610,34,112,11.96,2,3,80,4,3,74.3,34.09,8.19,37.56,32.92,1
611,32,99,6.53,7,5,85,4,8,66.33,35.13,6.47,87.57,67.31,0
612,30,56,9.52,0,6,88,2,19,40.08,74.67,7.02,78.35,81.51,1
613,22,177,6.06,13,15,11,0,6,71.99,21.98,7.97,80.77,55.61,0
614,39,80,8.76,10,25,6,2,16,44.11,70.08,6.87,57.83,59.73,0
615,47,163,5.0,8,16,39,1,3,55.74,40.33,6.94,81.89,51.25,0
616,49,112,9.83,11,9,64,4,3,51.23,53.26,4.33,27.55,36.32,1
617,35,22,8.33,4,25,95,2,11,87.44,61.64,4.85,84.56,10.46,0
618,38,160,12.0,5,15,3,4,8,40.48,72.07,7.12,52.79,32.77,1
619,44,10,6.04,12,21,19,0,13,68.88,23.21,9.0,87.61,57.38,0
620,39,101,9.2,6,0,33,4,4,23.07,89.66,4.0,57.29,66.73,1
621,30,40,8.7,1,19,34,0,18,59.71,52.29,8.27,70.9,45.78,0
622,48,70,9.94,7,30,86,4,17,37.02,68.29,8.33,91.45,44.41,1
623,24,161,7.71,0,3,39,1,0,94.44,86.95,7.82,94.66,11.92,0
624,50,30,7.21,3,9,12,0,9,82.71,45.97,8.09,91.93,89.14,0
625,49,130,7.08,8,12,2,4,18,86.87,31.89,8.14,54.21,51.85,1
626,45,1,9.76,2,13,20,1,8,33.35,23.73,6.14,82.22,69.83,0
627,39,81,12.47,7,16,95,4,12,74.05,63.41,5.83,37.48,58.76,1
628,43,124,11.52,11,10,88,0,5,78.65,27.52,7.16,73.0,35.33,1
629,50,67,12.31,15,26,52,0,15,49.69,77.61,7.75,70.7,69.98,0
630,36,145,8.56,12,26,33,0,11,35.36,87.2,7.65,28.82,94.17,1
631,49,135,10.88,1,17,117,0,14,45.61,73.62,5.53,34.09,63.11,1
632,31,180,7.74,14,15,89,2,15,55.87,45.64,8.32,62.44,23.37,1
633,23,32,13.36,11,8,105,1,17,29.01,66.15,7.23,23.07,54.82,1
634,33,15,9.27,8,1,55,4,16,61.17,36.01,8.04,25.42,22.53,0
635,42,170,10.18,0,11,4,4,12,77.7,32.51,7.87,83.75,71.73,1
636,50,72,10.66,5,24,19,4,1,86.86,53.21,6.22,44.17,92.82,1
637,38,119,10.5,0,28,5,4,0,24.27,95.0,7.03,59.74,62.27,0
638,27,81,8.92,10,10,113,3,5,77.52,65.56,6.23,86.19,59.5,1
639,21,168,11.4,15,3,97,3,12,99.73,80.06,6.84,68.35,40.2,1
640,39,94,9.64,14,8,53,4,13,54.97,42.36,6.25,30.84,69.1,1
641,22,108,8.0,11,18,1,4,1,31.18,27.69,7.19,51.84,89.36,1
642,24,74,14.08,7,8,90,1,15,89.97,65.11,9.0,63.49,23.81,1
643,32,55,7.21,15,17,41,1,19,79.33,44.21,8.28,69.68,23.45,0
644,48,37,9.77,0,9,61,0,17,91.35,35.72,6.09,49.37,70.63,0
645,45,16,11.95,2,24,13,4,0,43.88,93.9,7.17,37.24,73.71,1
646,33,140,10.4,9,1,70,3,11,21.04,95.58,4.43,89.32,12.07,1
647,21,122,6.04,3,9,3,2,19,36.27,31.75,7.31,84.19,67.88,0
648,44,168,7.39,9,12,47,3,4,28.56,77.56,6.47,21.57,28.96,1
649,37,114,8.68,7,30,101,2,1,95.24,92.48,5.9,62.51,40.13,0
650,30,53,5.45,4,2,94,3,2,34.74,54.95,5.23,29.41,79.16,0
651,42,165,13.16,2,4,86,0,13,52.89,38.93,7.43,74.75,21.2,1
652,39,143,9.94,1,6,45,3,8,44.26,75.84,6.19,57.17,45.8,1
653,36,76,10.59,6,25,95,1,11,52.18,49.97,7.4,33.72,46.55,1
654,27,40,9.99,7,2,17,1,14,63.49,72.3,8.9,23.36,14.59,0
655,31,16,14.6,12,21,35,2,17,45.33,52.01,7.66,31.29,52.8,1
656,42,34,11.74,11,6,102,0,11,40.62,90.79,5.29,40.18,78.27,1
657,32,92,9.58,6,27,47,2,5,78.6,54.58,6.56,70.98,61.77,0
658,33,92,12.04,3,5,97,3,19,45.28,45.13,6.03,67.14,18.08,1
659,40,141,7.19,11,23,79,0,18,60.78,66.82,8.41,46.95,50.41,1
660,29,168,6.31,0,16,113,3,12,70.0,78.31,6.81,91.27,15.38,1
661,35,110,13.07,11,6,94,2,6,66.92,40.9,7.43,93.64,86.32,1
662,39,153,12.21,4,26,94,2,20,32.93,92.47,5.55,89.13,74.38,1
663,30,76,7.16,12,2,91,2,7,44.78,58.62,7.77,44.23,81.31,1
664,29,157,6.44,5,20,76,2,1,64.79,96.89,5.35,41.93,69.95,1
665,45,157,6.94,0,25,120,0,19,80.52,40.59,5.43,72.01,13.38,0
666,33,162,11.42,11,21,119,1,5,69.42,56.51,6.99,83.14,78.11,1
667,49,104,8.02,4,19,61,4,7,85.73,24.76,5.3,65.82,42.15,1
668,41,130,9.55,1,23,111,1,11,24.22,56.56,7.33,80.43,33.07,0
669,21,75,10.95,0,18,70,3,4,58.45,64.15,7.75,67.38,31.86,0
670,37,83,8.53,9,22,98,2,1,77.23,25.53,5.54,61.64,72.09,0
671,30,14,11.47,1,3,73,3,15,62.44,53.26,6.26,83.78,29.52,0
672,40,5,6.35,9,10,88,4,2,26.64,35.28,9.0,81.22,94.0,0
673,34,88,6.47,9,3,66,1,20,74.78,30.04,7.53,78.99,11.54,0
674,22,166,8.58,8,27,19,0,15,43.2,70.31,7.4,41.25,10.02,0
675,33,122,10.48,1,5,5,4,19,74.52,25.08,6.15,49.72,91.92,1
676,30,124,9.66,9,28,51,1,5,64.09,76.69,6.59,78.59,41.1,0
677,47,50,6.91,10,15,32,2,19,59.96,89.59,7.71,29.46,67.62,0
678,45,94,14.32,0,8,81,2,2,98.94,69.55,5.65,38.02,66.04,1
679,45,133,8.2,10,18,93,4,9,43.1,31.94,7.87,38.07,89.57,1
680,48,69,9.67,0,17,37,1,16,48.06,80.62,9.0,62.53,68.11,1
681,47,34,11.82,0,0,63,0,1,90.0,84.87,6.42,93.57,88.76,0
682,36,25,9.99,15,18,111,3,20,78.67,89.7,6.66,61.35,40.56,1
683,47,78,10.41,14,23,21,0,20,76.22,83.42,9.0,67.18,22.98,1
684,44,65,11.36,12,29,54,4,2,37.29,67.27,8.28,38.89,93.39,1
685,45,7,10.14,15,30,108,2,9,72.57,49.21,6.16,65.86,69.16,0
686,27,28,8.39,9,28,73,3,15,33.08,22.69,7.37,33.45,29.19,0
687,27,143,10.68,2,10,76,4,9,25.96,60.83,7.73,92.71,68.92,1
688,23,124,9.92,7,21,2,1,8,21.62,58.35,5.06,29.35,59.83,1
689,42,37,10.0,10,17,26,4,17,95.66,94.39,8.51,48.61,16.69,1
690,25,93,5.0,4,18,53,3,20,89.14,57.17,7.82,80.23,46.7,1
691,38,3,8.96,1,20,57,1,10,33.09,29.99,7.85,22.0,11.06,0
692,22,107,9.77,4,13,16,2,19,88.2,63.87,6.27,41.14,55.12,1
693,26,58,9.75,8,15,52,4,20,76.31,72.06,6.51,92.59,83.35,1
694,49,51,8.83,14,29,57,1,2,57.51,43.5,7.0,32.05,38.96,0
695,33,44,7.62,0,29,31,3,11,76.25,43.32,7.17,55.28,91.28,0
696,36,163,10.1,5,7,93,4,20,45.36,88.0,6.51,82.44,82.32,1
697,25,52,5.0,11,14,35,2,19,91.02,45.45,7.38,32.45,73.4,1
698,48,95,5.0,9,14,70,2,3,41.47,75.84,3.75,34.39,38.37,0
699,47,61,5.66,11,13,97,0,15,42.28,91.72,7.36,67.72,72.11,0
700,44,96,10.27,15,7,93,4,7,41.63,84.28,8.04,42.12,11.3,0
701,21,43,8.11,12,7,59,4,0,82.56,32.45,4.93,49.4,51.65,1
702,24,12,7.13,10,11,101,4,8,38.53,34.5,6.62,55.15,89.78,1
703,47,0,6.5,8,2,108,2,14,68.7,94.16,7.25,69.88,68.72,0
704,48,149,9.5,7,28,81,4,18,72.13,77.01,5.66,38.92,91.25,1
705,38,98,11.38,2,11,62,4,4,54.11,62.99,6.82,21.69,47.75,1
706,28,24,11.14,6,14,117,2,16,52.53,66.16,6.63,41.4,91.25,1
707,22,75,11.08,5,29,88,2,7,51.84,61.09,7.64,80.23,41.76,0
708,35,92,8.55,12,10,49,4,14,52.45,74.36,7.18,77.9,80.4,1
709,41,51,9.58,7,19,107,2,6,26.33,59.03,7.89,43.59,27.18,0
710,50,131,10.2,14,1,110,2,17,25.59,74.21,6.42,24.62,32.95,1
711,39,130,8.47,0,16,63,1,8,83.8,63.03,7.44,43.23,22.33,1
712,33,44,11.99,10,10,37,0,8,49.34,52.22,7.0,76.46,79.98,0
713,28,63,7.64,7,24,74,3,8,53.45,92.88,7.25,94.49,19.02,1
714,40,59,9.02,1,28,89,3,6,54.44,57.38,7.48,60.69,93.17,1
715,23,106,10.28,10,14,11,1,12,53.45,63.73,7.1,61.51,52.19,1
716,21,59,8.58,9,11,21,2,11,53.02,38.22,4.82,53.67,55.66,1
717,43,143,8.96,2,5,19,2,20,59.84,64.33,7.75,61.91,70.1,1
718,34,27,7.56,9,9,47,3,1,22.74,33.63,9.0,31.13,43.9,0
719,43,19,8.49,1,27,83,3,4,68.5,61.9,8.12,21.84,77.21,0
720,29,9,5.0,5,5,57,0,11,60.35,79.52,6.08,74.27,78.51,0
721,48,47,10.9,7,6,33,3,4,92.05,85.89,6.79,71.2,69.56,1
722,32,11,9.13,2,24,49,3,10,34.09,79.47,6.64,48.94,93.48,0
723,48,129,12.38,6,13,15,1,18,22.46,69.4,8.85,77.05,50.86,1
724,32,77,9.75,11,26,54,1,2,38.44,46.21,6.95,21.47,67.07,0
725,48,158,10.14,12,20,46,0,16,92.61,87.71,7.72,56.78,13.15,1
726,36,89,9.64,4,8,46,3,9,84.96,45.56,6.72,53.92,11.37,0
727,30,162,8.83,9,4,16,0,5,70.2,48.51,6.92,44.26,11.97,0
728,46,92,9.15,12,18,44,3,6,99.36,74.93,6.66,77.59,13.44,1
729,48,44,7.45,13,13,44,0,0,76.75,66.89,7.24,46.79,59.05,0
730,42,69,8.52,15,23,104,1,15,72.02,46.32,5.24,45.73,44.91,1
731,47,165,10.38,6,22,77,4,7,93.62,23.93,7.02,63.01,82.56,1
732,24,145,8.32,4,18,42,1,20,24.9,62.05,5.6,89.02,47.47,0
733,28,118,12.69,13,8,94,2,7,82.71,85.93,5.36,74.27,80.78,1
734,49,86,6.2,1,2,77,3,14,27.87,93.34,5.6,79.51,87.77,1
735,33,77,6.2,0,0,62,3,5,24.87,54.31,9.0,49.95,25.7,0
736,44,31,8.25,11,6,116,0,8,24.15,95.38,4.58,31.86,38.77,0
737,24,83,10.01,13,29,29,3,8,31.82,54.25,4.36,34.68,12.37,0
738,49,11,9.46,0,12,19,3,15,88.97,87.14,7.04,74.11,10.5,1
739,34,133,8.19,10,11,13,3,6,33.71,73.41,8.19,65.71,64.7,0
740,35,56,7.14,2,13,22,4,18,82.52,94.46,7.55,40.59,80.05,0
741,44,97,5.18,3,1,42,4,17,47.27,82.8,7.92,34.4,64.26,1
742,45,124,9.26,0,20,9,2,16,74.27,68.62,5.22,32.62,68.98,1
743,48,76,6.26,10,8,89,1,10,68.95,49.88,8.42,72.65,81.04,1
744,23,128,12.94,12,18,64,4,3,58.13,43.69,5.48,93.33,19.17,1
745,46,164,10.66,5,16,112,0,19,32.93,29.47,7.54,77.05,88.84,1
746,21,12,7.93,13,26,70,2,5,85.03,23.11,5.49,85.37,51.22,0
747,40,41,9.04,7,5,62,4,6,47.86,76.82,8.3,47.29,80.83,1
748,36,80,8.27,5,12,12,1,0,31.62,45.3,6.43,49.79,58.56,0
749,24,25,11.67,6,10,114,0,20,88.73,38.27,7.08,36.51,27.1,0
750,36,103,11.71,6,5,66,4,11,22.44,30.54,7.37,51.72,53.96,1
751,44,33,10.37,14,0,13,4,17,79.82,55.29,7.89,75.02,63.13,1
752,39,20,9.81,7,27,18,4,9,76.17,61.06,6.53,26.47,89.61,1
753,24,161,11.75,2,6,42,1,16,83.97,54.62,7.43,56.98,32.58,1
754,35,111,10.25,0,26,48,3,18,71.51,64.05,6.28,52.11,84.82,1
755,21,165,8.82,10,25,120,3,16,39.57,79.69,7.59,59.06,32.83,1
756,46,47,11.98,12,26,18,3,9,35.87,96.93,9.0,50.83,40.19,1
757,29,124,9.94,9,11,34,1,19,59.69,33.53,7.66,29.46,89.27,1
758,25,161,11.16,8,5,18,2,13,49.48,96.8,7.38,32.91,33.03,1
759,41,134,8.08,13,10,17,4,19,35.99,38.55,6.93,79.85,57.87,1
760,29,117,8.85,9,16,56,1,8,77.67,78.28,7.52,27.0,72.8,1
761,40,175,10.44,14,14,71,3,13,90.02,60.98,9.0,50.33,23.77,1
762,23,68,9.41,9,8,33,4,2,70.51,67.72,6.39,38.52,77.14,0
763,32,98,5.91,3,21,107,2,10,52.21,91.22,6.04,48.8,72.63,0
764,48,150,8.87,15,2,42,2,7,21.51,28.04,9.0,45.11,69.12,1
765,23,46,8.86,1,30,60,4,13,41.49,62.75,9.0,82.45,44.16,0
766,49,174,9.75,13,18,90,3,5,33.52,81.99,6.84,58.02,68.43,1
767,35,119,6.9,15,25,14,1,7,61.75,73.1,5.83,48.58,71.15,0
768,44,16,7.04,14,3,70,4,3,95.43,77.72,7.84,81.52,44.35,1
769,24,113,14.89,1,0,21,0,4,90.06,84.11,7.87,90.76,18.37,0
770,47,71,5.52,7,4,62,1,1,78.54,33.18,5.45,46.24,70.21,0
771,45,41,7.17,7,30,81,2,12,78.03,36.77,7.15,86.35,62.38,0
772,37,69,8.43,2,6,50,0,10,62.41,31.02,8.68,33.06,60.17,0
773,26,109,11.6,10,24,9,2,15,99.87,80.19,5.74,84.79,65.35,1
774,21,89,8.32,11,20,58,0,11,34.37,78.8,6.84,61.0,70.29,0
775,44,59,15.55,13,20,32,1,15,70.62,89.03,7.65,25.99,76.13,1
776,39,109,8.38,10,17,109,3,16,34.26,98.92,7.96,23.53,84.72,1
777,36,66,6.54,4,20,101,0,6,20.65,20.74,8.51,54.54,51.51,0
778,37,158,5.47,9,16,86,0,20,24.34,67.73,7.31,23.95,15.04,1
779,27,28,9.56,1,15,94,4,6,93.95,63.93,7.94,63.72,44.14,1
780,46,19,8.03,1,4,82,3,6,48.34,72.93,9.0,32.35,22.64,0
781,36,109,12.0,15,22,84,4,14,68.11,65.01,6.04,30.1,22.83,1
782,42,149,9.41,15,26,120,3,9,50.42,89.7,5.52,71.28,11.67,1
783,21,131,11.73,8,29,115,4,3,42.59,86.82,6.93,43.76,71.63,1
784,25,6,5.65,2,0,9,1,12,75.1,73.68,6.48,26.18,10.23,0
785,40,15,13.54,3,23,111,4,12,34.33,71.77,7.06,54.82,52.1,1
786,41,167,8.82,4,26,82,3,16,50.24,57.09,7.25,41.62,23.63,1
787,31,76,8.14,0,16,61,2,19,57.55,77.63,6.05,59.71,43.62,1
788,27,90,5.83,5,20,90,3,12,91.27,27.56,8.22,51.38,47.47,1
789,29,77,6.5,15,6,119,3,11,32.75,23.53,7.45,49.55,45.39,1
790,39,46,8.62,0,2,91,1,17,71.0,71.62,9.0,64.01,80.79,1
791,28,158,10.55,10,11,90,0,3,59.69,85.98,5.55,50.16,18.7,0
792,38,174,6.74,0,29,10,2,20,52.43,46.98,6.15,58.31,48.68,1
793,44,39,7.66,5,15,18,0,5,41.03,50.04,9.0,57.33,39.16,0
794,29,38,6.14,7,28,118,1,6,72.3,81.91,6.97,35.4,72.66,1
795,37,44,9.74,10,26,65,1,16,76.51,43.24,6.72,32.39,88.32,0
796,39,175,7.86,8,12,101,2,2,84.24,54.17,5.65,88.51,33.42,1
797,25,2,9.37,7,17,35,0,7,45.73,30.57,7.9,48.23,67.14,0
798,27,52,11.99,4,22,97,3,13,58.29,75.93,6.75,87.66,87.98,1
799,23,65,7.67,3,26,3,0,16,79.57,23.8,5.17,36.45,70.03,0
800,33,82,11.95,12,26,26,4,3,66.4,95.84,7.02,44.67,53.21,1
801,37,131,10.89,12,2,90,1,17,53.01,40.52,6.34,20.76,33.36,1
802,35,49,7.48,13,20,26,2,18,38.48,79.48,8.65,78.55,28.28,0
803,40,119,7.85,5,15,46,3,16,89.21,60.0,8.34,30.57,28.52,1
804,46,140,12.7,1,4,6,4,18,41.75,33.58,8.13,54.67,70.7,1
805,25,109,8.06,7,24,26,3,3,31.07,79.85,5.84,55.22,76.55,1
806,43,170,11.91,4,8,3,3,11,88.15,74.72,8.07,79.43,36.08,1
807,33,104,8.61,3,1,99,1,11,66.02,98.82,7.66,38.56,16.77,1
808,41,58,7.8,6,8,12,0,14,90.77,37.16,8.56,93.95,25.34,0
809,38,112,6.97,10,23,19,1,7,40.54,22.79,6.39,50.77,19.06,0
810,38,147,8.81,8,3,117,2,7,60.17,21.6,7.14,21.12,32.49,0
811,50,83,10.51,8,4,63,2,3,38.95,82.09,7.16,92.86,49.64,0
812,23,134,5.47,9,12,68,1,10,40.76,72.91,7.81,77.37,11.88,0
813,46,3,10.73,12,9,85,2,19,90.57,65.99,5.43,49.85,40.97,1
814,42,116,12.08,3,13,13,0,15,39.6,78.38,7.41,94.37,34.99,0
815,41,62,8.54,0,8,55,2,17,23.48,92.32,5.87,59.57,72.55,0
816,33,118,11.2,5,4,101,0,0,64.77,73.24,5.36,22.59,34.49,1
817,31,91,10.32,5,21,66,3,12,59.7,53.47,5.9,78.39,72.42,1
818,26,126,9.58,5,4,48,2,15,49.6,42.32,7.26,36.16,27.03,0
819,44,17,10.26,3,15,77,1,8,37.62,88.98,7.92,75.7,45.22,0
820,46,31,7.52,5,2,57,3,15,66.39,49.61,6.78,31.24,32.44,1
821,32,16,10.49,15,12,85,0,7,61.75,70.96,6.71,37.57,59.21,1
822,36,158,11.13,3,11,33,0,6,38.2,20.25,6.22,55.46,67.56,0
823,27,44,6.94,15,23,24,3,12,43.15,40.28,7.73,44.82,32.93,0
824,35,93,10.09,9,18,47,1,19,83.77,55.43,8.38,80.12,77.3,1
825,39,81,7.79,1,23,38,3,20,77.24,28.77,9.0,76.22,21.55,0
826,23,161,8.52,4,21,31,2,3,66.36,73.21,7.71,65.62,28.7,0
827,35,46,5.13,9,14,29,3,16,88.61,91.8,6.34,91.0,43.79,0
828,24,113,6.47,4,15,14,2,18,89.26,22.57,8.51,76.96,85.32,1
829,24,45,9.08,10,23,118,4,20,97.28,68.33,4.49,76.19,89.59,1
830,47,143,9.06,8,12,87,3,16,98.05,69.3,6.21,77.75,83.67,1
831,26,80,8.23,9,30,72,2,13,38.57,20.08,6.4,76.79,93.74,1
832,25,54,11.72,4,19,24,3,1,47.28,35.02,9.0,29.11,61.73,1
833,47,172,11.63,12,19,66,2,14,85.47,99.23,8.34,34.41,17.37,1
834,27,161,8.26,10,6,3,0,1,67.07,64.56,6.95,22.4,62.05,1
835,34,80,11.98,0,15,40,3,11,87.76,86.23,6.42,48.71,60.08,1
836,37,115,10.61,6,1,72,4,19,37.81,40.9,4.58,32.57,32.34,1
837,39,86,9.13,1,6,113,1,5,93.27,96.65,6.7,20.79,94.18,1
838,31,126,11.75,14,12,56,1,13,21.25,71.68,5.36,28.07,47.41,1
839,29,3,11.23,13,23,31,1,12,57.54,93.97,7.51,49.82,63.12,1
840,47,119,10.34,8,19,68,4,17,34.19,58.2,3.5,60.41,31.9,0
841,42,143,6.89,2,19,93,1,11,52.93,61.5,6.77,22.52,67.33,0
842,28,24,5.0,1,18,73,0,12,39.39,34.75,9.0,74.57,67.74,0
843,27,107,9.92,6,3,35,2,14,89.98,33.64,6.65,30.22,63.58,1
844,31,180,9.74,4,20,27,2,18,77.32,67.83,7.57,52.06,91.77,1
845,28,138,11.65,12,20,52,0,5,74.47,91.78,8.01,86.81,93.0,1
846,40,160,12.83,12,17,79,1,2,39.06,90.01,7.4,55.47,67.13,1
847,38,64,9.18,4,7,27,2,2,83.97,66.45,4.94,77.98,38.28,0
848,32,105,10.56,12,30,44,2,3,78.09,60.79,7.45,27.44,81.32,1
849,22,84,10.32,1,22,56,2,10,41.69,44.34,6.82,58.59,70.64,0
850,50,41,8.01,2,4,58,4,8,93.78,58.42,8.33,47.03,46.59,1
851,46,57,10.33,3,24,77,0,7,54.23,27.89,6.77,66.43,22.21,0
852,33,11,9.02,5,1,53,2,3,63.53,32.35,8.01,80.46,33.74,0
853,50,65,6.93,1,8,113,4,15,24.28,76.74,9.0,59.91,50.62,1
854,43,76,7.04,5,20,49,0,5,35.98,39.38,5.26,56.85,84.16,0
855,50,59,7.35,1,18,111,3,14,93.37,99.86,7.19,78.54,34.38,1
856,29,93,7.77,8,25,36,0,1,89.88,38.17,7.0,59.85,27.11,0
857,40,122,8.65,8,2,69,1,7,28.03,70.7,8.89,86.01,85.46,0
858,26,143,11.24,11,20,92,0,5,60.26,57.18,7.0,33.38,53.61,1
859,46,114,10.36,15,9,112,0,10,91.48,35.53,7.79,29.78,92.93,1
860,38,148,11.0,7,11,116,1,9,46.64,52.0,9.0,41.51,92.39,1
861,45,161,11.41,11,21,43,1,7,32.32,83.5,6.52,78.89,30.17,1
862,24,44,8.71,1,27,26,3,5,34.99,55.86,5.02,78.57,81.44,0
863,40,42,8.26,3,3,45,0,13,57.75,92.63,8.25,47.24,34.41,0
864,27,143,9.1,9,5,59,1,7,41.21,40.43,7.68,23.62,10.09,1
865,32,86,10.27,9,29,74,1,13,40.14,49.63,6.57,21.52,54.54,1
866,29,71,10.35,6,7,54,2,14,34.33,28.26,6.89,66.74,81.45,0
867,45,82,8.62,9,16,118,3,18,58.98,48.43,5.27,38.86,69.05,1
868,50,112,10.59,10,23,58,1,11,70.21,45.75,6.36,65.91,24.16,0
869,22,172,13.64,13,16,68,2,8,45.44,83.7,5.97,52.38,48.5,1
870,44,54,9.22,8,25,49,4,8,82.42,46.41,7.74,84.6,29.03,0
871,48,39,9.43,13,11,91,4,20,23.45,65.92,7.23,84.01,43.84,1
872,41,144,7.7,8,18,18,0,4,85.56,86.02,5.67,69.41,62.97,0
873,29,82,8.55,3,18,62,2,6,25.84,50.26,5.57,73.25,11.7,0
874,28,94,10.58,9,30,38,4,8,76.41,88.02,7.9,64.27,63.55,1
875,34,37,7.83,7,13,43,3,13,88.49,42.97,6.22,33.78,42.2,0
876,32,116,13.02,5,2,111,3,18,67.5,71.17,6.54,45.1,25.63,1
877,24,1,9.19,9,17,9,0,12,46.02,93.87,6.21,51.3,91.84,0
878,39,90,9.63,8,4,37,2,19,51.78,36.97,6.73,28.23,58.71,1
879,40,14,5.81,5,21,118,3,17,66.33,69.38,6.0,50.39,35.87,1
880,45,104,9.91,5,26,31,0,3,41.24,65.75,6.93,90.88,28.23,0
881,38,21,9.47,4,14,52,3,19,63.28,41.97,8.4,74.8,80.76,1
882,34,1,10.86,15,12,27,0,6,20.27,39.62,6.31,88.17,28.28,0
883,49,80,9.9,3,11,39,0,8,96.35,39.79,7.39,74.87,47.35,0
884,37,172,5.33,1,23,60,3,9,30.26,37.97,7.26,25.36,12.76,1
885,43,155,8.65,13,4,19,1,2,72.97,29.29,6.89,61.63,34.41,0
886,35,31,7.75,1,13,65,1,19,91.03,75.5,5.05,54.18,25.05,0
887,24,70,10.98,11,22,43,1,18,58.57,82.66,6.54,30.88,51.83,1
888,21,105,6.0,15,7,56,4,7,66.37,90.17,6.83,21.15,46.25,1
889,30,156,10.95,9,20,110,2,20,23.6,34.88,6.0,90.09,93.03,1
890,48,80,10.7,0,4,70,1,1,67.79,57.8,6.29,35.17,28.18,1
891,26,14,11.1,12,11,42,1,2,45.4,48.86,5.99,70.2,63.77,0
892,30,149,8.54,12,30,73,4,4,76.58,73.73,7.71,38.93,11.58,1
893,25,112,6.82,15,15,11,1,14,98.91,27.09,9.0,41.85,41.65,1
894,25,138,11.77,9,24,35,2,4,76.45,66.19,7.4,35.13,46.53,1
895,22,3,9.78,5,24,68,0,12,88.15,61.94,6.12,37.17,20.34,0
896,34,15,7.52,13,8,111,4,14,58.02,88.37,8.31,41.87,20.95,1
897,40,79,10.86,1,14,14,1,8,88.59,28.36,7.25,53.7,34.4,0
898,24,78,8.25,2,21,34,0,11,28.65,60.52,4.29,24.94,62.88,0
899,37,134,9.95,4,2,83,4,11,52.41,96.96,6.7,26.11,47.05,1
900,40,171,11.5,2,18,120,3,0,85.54,26.39,6.48,65.92,23.0,1
901,37,73,8.18,8,18,88,0,9,83.19,72.5,6.63,65.66,45.0,0
902,25,74,7.46,6,10,13,3,7,43.51,40.31,7.8,24.52,16.93,1
903,32,141,9.95,13,17,31,3,15,80.01,37.18,6.96,82.59,45.72,1
904,49,54,9.42,2,7,40,2,6,24.49,67.31,6.93,20.22,30.64,1
905,29,86,6.73,2,10,50,2,2,92.47,98.53,5.47,46.26,32.15,0
906,45,74,9.4,2,27,1,2,4,76.19,64.57,6.47,59.28,51.26,0
907,31,61,6.74,1,29,38,3,9,31.24,51.15,6.5,50.87,23.49,0
908,24,69,6.93,13,8,21,3,7,92.49,30.46,5.12,80.1,15.97,0
909,28,8,9.71,6,7,111,2,14,61.43,91.26,5.57,64.11,87.99,1
910,31,78,15.1,9,10,87,2,2,99.49,27.37,7.59,49.64,49.64,1
911,41,28,8.68,14,22,50,3,19,25.73,76.5,7.81,22.55,81.61,1
912,27,146,8.85,11,30,65,2,12,53.44,26.85,6.69,67.28,55.04,1
913,32,165,12.49,14,28,120,0,1,56.89,44.89,7.8,56.78,75.68,1
914,33,95,7.75,0,4,82,1,9,55.95,53.78,6.16,28.11,31.39,0
915,48,124,9.24,10,16,32,4,3,97.28,97.08,4.48,53.28,77.58,1
916,27,157,8.41,12,26,63,3,2,46.36,50.53,8.77,49.4,86.92,1
917,22,18,13.1,12,6,105,3,13,46.58,57.64,6.17,43.59,69.52,1
918,24,143,10.54,3,23,6,0,5,45.49,52.79,6.76,87.33,54.15,0
919,47,137,6.55,7,11,57,4,4,29.19,96.52,6.66,47.62,64.93,1
920,32,77,11.68,5,0,86,1,10,45.92,74.31,5.56,43.24,86.5,1
921,44,95,8.27,11,18,22,0,20,32.96,79.16,9.0,52.52,30.37,0
922,35,156,9.87,1,12,68,0,3,40.18,45.98,7.6,44.68,55.39,1
923,37,50,7.27,14,0,88,3,9,64.93,67.45,6.96,47.92,33.8,0
924,34,146,7.9,14,8,100,4,6,66.71,73.7,5.53,68.01,61.65,1
925,32,47,9.34,11,5,47,3,20,46.17,59.04,6.28,90.59,29.31,1
926,42,81,5.87,13,4,31,2,15,99.84,34.45,6.38,24.27,14.46,1
927,38,167,8.66,12,17,90,3,7,41.69,43.74,7.41,83.15,10.88,0
928,47,176,12.25,0,6,29,2,12,34.94,60.82,8.27,54.69,33.75,1
929,23,61,8.85,2,27,91,4,5,57.95,48.09,7.11,47.08,82.44,1
930,41,38,9.86,6,30,30,4,0,49.28,86.34,6.49,81.58,56.4,0
931,47,157,10.06,10,12,78,4,15,41.16,31.99,7.37,26.75,57.89,1
932,35,155,7.04,2,6,62,1,13,31.79,75.54,7.33,36.67,14.54,1
933,40,81,9.25,2,21,53,4,1,64.31,78.46,6.39,23.18,10.95,0
934,29,53,8.75,0,1,4,3,1,77.96,71.61,5.82,90.88,93.95,0
935,34,148,10.27,4,15,40,1,7,87.06,78.5,7.97,69.83,21.11,1
936,37,30,10.28,12,4,105,0,1,45.1,55.41,6.1,62.44,36.58,0
937,47,17,8.44,9,9,104,3,15,89.73,49.05,8.26,91.37,90.44,1
938,42,164,8.4,0,9,49,3,14,67.81,83.94,7.16,64.23,75.38,1
939,38,131,7.68,14,2,47,0,13,98.51,47.96,8.59,89.13,89.3,1
940,46,139,7.73,3,16,14,2,11,38.22,35.95,8.83,65.38,68.53,0
941,41,0,7.79,3,29,31,1,18,69.11,44.93,6.97,94.29,47.83,0
942,46,130,9.65,6,19,109,0,6,56.21,90.5,8.4,64.27,26.31,0
943,50,72,5.0,13,25,68,0,0,53.27,44.43,7.18,89.42,41.93,0
944,35,84,12.22,9,0,46,2,19,75.58,26.37,8.91,71.32,41.44,1
945,50,59,11.08,12,17,113,0,0,60.62,59.67,6.31,89.78,85.65,0
946,39,132,10.94,1,6,67,0,2,91.68,53.17,7.51,21.87,43.96,0
947,28,141,8.66,13,11,98,4,0,39.02,26.5,5.93,67.04,38.59,1
948,43,76,9.08,6,9,80,2,19,37.24,99.88,9.0,33.7,61.84,1
949,27,155,10.85,14,3,92,4,10,63.38,91.13,6.38,70.67,31.22,1
950,46,52,9.21,12,22,57,1,20,82.96,63.68,6.22,49.89,33.01,1
951,41,128,11.09,5,25,46,0,8,60.22,69.7,7.05,20.27,89.15,1
952,34,123,5.69,2,6,71,3,4,88.37,74.87,7.14,76.74,19.4,0
953,44,14,7.75,2,21,106,3,11,60.51,67.53,8.42,73.11,80.78,1
954,35,11,8.54,0,19,50,0,15,23.44,29.74,7.23,73.4,81.57,0
955,40,13,9.3,4,17,117,3,7,45.35,46.84,8.92,45.3,20.44,0
956,21,14,7.44,14,20,46,1,6,77.94,49.31,4.89,57.16,52.64,0
957,46,134,11.61,1,14,52,4,3,62.04,62.27,6.06,92.11,37.27,1
958,24,74,8.82,1,9,113,4,15,30.34,45.47,7.15,86.84,64.05,1
959,39,85,9.39,9,4,62,0,2,37.4,94.3,7.23,43.03,43.86,0
960,21,24,11.07,3,23,95,1,6,65.84,56.67,6.66,53.75,59.62,0
961,28,74,9.87,11,12,58,0,0,98.89,85.69,7.96,52.62,71.82,0
962,27,73,8.43,3,24,114,2,9,50.5,60.08,6.24,32.64,48.75,1
963,29,142,10.44,11,26,58,0,13,82.54,48.43,4.31,63.07,80.81,1
964,21,144,8.17,15,17,98,2,16,66.3,49.14,7.76,41.17,79.1,1
965,26,121,8.26,13,11,26,0,4,65.66,81.77,7.28,89.6,32.2,0
966,40,26,5.0,13,20,44,2,16,98.76,64.56,5.49,48.66,60.52,1
967,44,150,7.44,2,16,28,1,15,50.72,41.5,6.25,68.9,21.45,1
968,32,25,9.22,9,28,92,2,19,65.77,65.55,5.46,75.88,20.8,0
969,26,10,7.13,4,20,85,1,20,84.42,41.96,7.81,85.92,80.84,0
970,48,48,10.53,0,5,83,3,0,23.06,32.98,7.41,22.75,46.49,0
971,41,96,9.4,1,21,47,1,8,61.38,25.95,3.97,81.24,83.82,0
972,23,144,13.12,1,27,27,3,16,61.15,83.88,6.55,36.44,35.95,1
973,37,19,11.1,4,23,108,0,19,66.31,54.39,8.21,68.12,79.55,0
974,32,159,6.33,14,10,106,1,3,82.42,43.25,8.11,87.19,59.13,0
975,49,18,10.0,2,19,70,2,6,80.52,54.73,6.05,61.89,79.4,0
976,40,175,6.67,3,28,112,3,5,66.93,92.76,7.62,29.8,30.59,1
977,34,21,8.88,1,29,106,1,13,87.13,79.18,6.31,85.3,63.89,0
978,28,7,10.39,9,16,102,0,15,48.91,70.08,7.62,91.56,86.7,0
979,38,12,11.78,10,5,62,0,0,21.19,84.73,4.59,90.38,77.09,0
980,50,89,8.66,3,15,67,0,4,57.43,22.66,6.26,86.48,33.37,0
981,22,179,5.99,12,3,7,2,8,28.89,39.51,6.94,42.34,57.63,1
982,35,152,7.08,6,8,17,4,12,25.36,91.66,6.13,24.88,92.86,1
983,33,124,12.37,2,18,76,3,14,54.39,20.88,6.17,89.49,61.28,1
984,49,101,8.05,6,20,25,3,12,89.67,20.33,6.97,37.9,68.64,1
985,37,159,6.6,3,25,42,4,9,58.75,27.27,6.49,29.67,30.37,1
986,33,13,10.99,11,7,117,1,15,30.53,23.94,8.06,83.48,67.67,1
987,40,156,10.74,10,4,37,2,0,35.7,63.85,7.03,53.98,84.61,1
988,30,48,8.11,0,17,66,0,3,87.32,54.49,6.55,72.15,78.64,0
989,48,118,9.02,7,21,85,4,5,77.91,52.94,6.82,21.43,12.9,1
990,22,12,9.98,5,15,7,1,19,26.4,39.39,7.19,89.6,46.44,0
991,22,68,8.4,0,21,62,1,17,89.93,41.08,7.27,35.4,32.46,1
992,36,126,6.97,4,28,108,2,5,24.84,79.93,4.99,43.2,52.7,1
993,50,128,8.86,11,2,30,1,6,69.88,48.62,6.82,83.33,48.53,0
994,24,80,9.54,15,2,74,4,14,71.27,61.85,7.35,58.23,44.31,1
995,48,96,6.21,2,1,99,0,18,94.44,54.27,7.44,44.85,93.07,1
996,38,44,10.66,14,21,115,2,8,52.34,90.03,7.25,21.8,74.96,1
997,30,134,5.0,7,1,99,4,18,25.57,55.24,7.84,38.94,73.36,1
998,30,118,10.25,2,17,53,2,4,34.18,89.84,7.97,50.51,32.27,1
999,21,141,7.71,11,1,36,0,18,54.12,34.88,8.16,28.33,71.43,1
1000,45,177,7.86,12,9,120,2,9,83.12,80.8,6.25,64.62,92.78,1
1001,44,98,9.84,2,20,24,1,3,45.42,38.57,5.27,85.91,81.04,0
1002,29,132,11.45,9,9,12,1,20,36.73,56.25,7.87,71.77,45.98,1
1003,27,6,7.67,1,6,47,1,17,66.7,52.24,5.71,90.99,30.95,0
1004,36,132,11.48,3,24,38,1,5,26.01,47.8,8.32,33.77,46.09,1
1005,46,126,11.76,14,3,85,2,20,53.07,25.81,7.07,73.56,69.74,1
1006,43,132,13.84,6,24,6,0,16,97.23,88.16,7.97,92.71,52.72,1
1007,33,92,10.47,6,29,58,2,18,98.66,70.8,8.12,53.22,51.75,1
1008,45,37,9.6,13,14,89,1,0,58.82,82.78,4.48,26.18,56.78,1
1009,50,40,9.53,3,20,54,0,10,97.49,81.74,7.08,87.37,38.37,0
1010,28,56,8.56,2,0,65,4,12,20.62,75.49,7.88,91.75,35.45,0
1011,45,139,6.38,2,22,116,3,11,25.48,33.49,7.81,79.35,65.11,0
1012,29,148,9.51,14,19,63,2,5,51.26,79.26,8.98,49.19,51.46,1
1013,35,162,8.2,6,11,4,1,5,43.4,26.51,5.34,20.86,46.33,1
1014,30,66,8.94,7,25,15,0,17,54.47,96.35,6.23,43.08,34.57,0
1015,26,126,7.38,4,20,8,1,6,48.1,45.11,4.84,71.32,28.32,0
1016,25,150,8.34,14,17,25,4,1,20.66,71.32,6.83,63.37,69.55,1
1017,50,180,10.09,0,30,120,1,6,36.0,97.86,5.88,46.25,81.9,1
1018,47,100,7.88,8,11,73,1,10,88.39,40.21,7.51,35.87,78.95,0
1019,30,104,12.0,10,8,20,3,19,24.02,68.7,6.86,31.45,80.6,1
1020,28,20,7.23,4,28,35,4,3,42.78,92.94,7.28,87.57,36.6,0
1021,30,120,5.0,7,23,49,3,0,85.92,90.3,7.34,71.14,55.99,0
1022,49,11,9.76,14,7,81,4,13,38.43,79.5,4.03,40.16,94.89,1
1023,48,146,10.65,3,29,63,3,17,34.28,20.11,7.4,83.99,70.78,1
1024,49,108,12.76,4,24,24,4,5,86.58,56.7,5.15,68.44,93.81,1
1025,38,20,9.31,14,3,112,3,7,98.35,44.31,8.17,39.89,21.0,0
1026,36,40,9.08,9,27,1,3,4,75.6,44.67,7.35,21.16,79.43,1
1027,47,19,7.62,13,17,110,2,14,94.13,83.79,6.72,68.26,76.42,1
1028,21,6,6.19,3,11,84,0,17,74.22,63.68,5.36,24.31,48.67,0
1029,35,177,5.94,1,3,20,2,1,25.13,38.1,5.23,79.47,78.37,0
1030,42,55,6.8,6,19,50,0,19,70.13,85.71,9.0,43.33,36.01,0
1031,25,1,9.23,14,10,61,4,18,52.26,49.93,6.96,40.28,35.24,1
1032,21,60,10.82,14,13,83,2,4,41.81,93.24,5.65,44.82,91.15,1
1033,33,73,5.0,3,20,45,4,7,77.69,40.42,8.62,26.69,16.69,0
1034,26,93,8.79,9,4,13,4,4,74.39,71.43,6.95,30.08,34.6,1
1035,49,25,12.93,8,28,11,2,18,82.29,39.9,7.4,70.86,86.69,1
1036,46,112,7.92,14,5,78,0,16,59.57,44.87,5.5,47.7,18.39,1
1037,44,18,8.58,15,19,54,2,18,41.09,36.68,6.11,77.38,90.57,1
1038,30,158,9.71,12,30,26,1,17,22.52,75.64,9.0,61.82,33.58,0
1039,23,3,11.35,7,18,17,0,0,94.86,82.19,6.51,31.4,24.81,0
1040,48,137,8.08,0,28,40,0,19,66.12,89.93,8.04,62.38,71.45,1
1041,24,35,7.61,0,4,73,4,5,42.95,45.76,5.47,62.21,33.67,0
1042,44,148,8.35,8,8,42,1,1,41.83,32.67,6.32,38.35,82.7,1
1043,46,159,9.37,8,12,95,1,14,83.5,41.3,7.23,65.25,66.86,1
1044,40,42,12.98,0,28,106,0,20,68.24,64.69,8.18,69.49,71.3,0
1045,44,109,8.12,14,6,15,4,5,61.7,93.71,6.61,67.97,24.7,0
1046,39,8,12.59,1,3,73,4,19,51.21,42.73,6.37,76.4,13.88,0
1047,50,17,10.34,2,7,91,2,13,52.54,45.32,7.97,68.03,47.11,0
1048,32,24,9.1,12,8,69,3,11,92.57,75.86,7.31,42.95,28.51,1
1049,23,159,9.14,1,27,115,1,14,67.09,93.85,7.03,76.11,66.65,1
1050,46,176,14.29,0,13,42,3,0,28.86,84.95,7.54,74.51,77.43,1
1051,41,51,11.42,1,7,1,4,3,69.64,53.59,8.47,66.0,74.74,1
1052,21,134,10.54,0,30,98,2,6,66.93,69.04,6.39,34.52,26.86,1
1053,30,68,6.47,7,25,118,4,19,20.01,21.47,7.59,49.22,68.76,1
1054,38,123,12.53,1,5,109,0,5,83.33,96.43,7.68,81.78,50.89,1
1055,27,115,12.54,7,16,45,4,5,28.7,57.83,4.65,76.28,61.98,1
1056,49,36,7.3,2,3,119,4,13,96.91,54.16,5.59,61.33,22.3,1
1057,40,43,7.29,6,11,109,2,12,53.4,44.05,6.67,69.25,88.1,0
1058,48,73,8.19,0,14,83,0,3,31.97,55.98,7.21,86.31,17.13,0
1059,36,29,8.09,11,16,3,2,5,36.63,84.03,5.31,66.84,49.79,0
1060,44,60,6.76,4,25,115,2,7,88.25,52.0,7.28,82.15,46.17,1
1061,47,72,6.49,11,11,43,4,0,92.58,69.97,7.26,42.7,35.17,1
1062,35,27,9.01,8,1,17,1,9,26.42,80.09,4.56,73.63,51.4,0
1063,47,177,8.45,3,9,21,4,14,41.72,23.12,8.17,83.58,83.43,1
1064,45,89,12.76,15,7,86,3,15,97.41,99.69,4.07,65.98,14.76,1
1065,35,46,11.69,4,1,62,3,19,52.03,20.95,8.11,29.4,37.62,1
1066,43,155,9.34,1,26,64,3,4,24.53,33.59,5.8,70.51,11.56,0
1067,26,43,7.21,4,1,109,4,7,26.83,55.55,5.68,83.71,62.35,0
1068,46,78,5.64,7,16,42,3,5,99.86,20.28,6.49,74.79,63.07,0
1069,35,176,10.6,13,15,92,4,12,77.61,32.87,7.01,67.45,14.46,1
1070,39,19,8.56,6,21,104,0,14,92.65,95.59,6.98,21.85,87.24,1
1071,47,13,8.48,1,18,24,1,3,99.19,58.58,5.96,62.91,62.35,0
1072,44,21,10.09,15,2,75,0,9,99.58,78.81,7.61,51.1,13.07,0
1073,29,120,7.13,4,29,31,1,17,96.26,74.03,6.01,61.17,10.3,0
1074,30,116,7.5,0,5,103,0,8,23.39,73.92,4.17,67.58,80.35,1
1075,43,74,9.86,7,7,5,3,0,34.17,64.84,7.16,93.6,54.06,0
1076,47,66,10.43,5,21,26,2,11,76.4,50.8,7.56,51.34,24.09,0
1077,33,35,10.49,5,10,31,3,7,73.96,52.3,6.13,84.68,25.39,0
1078,35,33,9.12,1,9,67,3,6,41.83,33.57,9.0,37.04,10.35,0
1079,23,49,6.48,13,19,77,2,2,92.54,99.81,6.51,32.31,14.63,0
1080,24,113,5.0,1,19,54,4,14,50.0,65.24,6.2,55.95,71.94,1
1081,24,141,10.14,2,22,63,1,2,25.31,64.15,7.06,27.87,11.9,0
1082,43,139,6.51,6,20,64,1,7,69.08,52.96,6.07,28.42,71.77,1
1083,46,120,11.95,7,14,99,3,11,20.15,48.05,5.69,38.11,15.3,1
1084,40,14,8.71,3,24,112,2,16,45.5,24.1,5.52,62.12,68.89,0
1085,50,118,5.0,7,24,29,4,2,53.54,43.78,5.6,55.29,17.92,0
1086,49,53,6.26,5,16,3,3,5,98.92,54.48,5.82,49.77,79.83,0
1087,21,24,9.94,0,22,113,3,5,44.51,60.07,6.2,37.38,56.06,1
1088,34,12,6.63,3,25,27,0,8,35.18,94.12,6.95,43.51,66.53,0
1089,22,14,7.01,7,9,10,1,9,20.47,51.05,4.72,40.82,58.48,0
1090,40,133,6.82,4,1,42,1,8,36.6,54.64,5.42,48.81,72.4,1
1091,37,45,9.91,7,4,103,4,15,29.69,41.81,6.05,58.07,36.82,1
1092,38,37,9.36,5,11,15,3,5,95.82,30.3,6.9,34.6,25.66,0
1093,24,30,10.63,10,28,10,3,13,88.98,33.43,5.67,44.51,24.66,1
1094,43,73,10.5,1,3,13,4,5,81.72,25.17,5.39,61.81,91.34,1
1095,36,140,5.79,5,1,114,2,7,85.9,71.05,6.12,24.68,65.45,1
1096,44,79,10.5,9,20,10,0,5,62.91,86.83,8.85,60.58,88.82,1
1097,31,61,5.12,15,20,112,4,3,38.22,27.91,7.15,52.51,20.72,1
1098,36,41,8.11,8,10,89,1,3,46.33,65.72,7.89,82.42,49.04,0
1099,33,146,11.26,12,28,77,4,8,51.42,48.52,7.04,82.46,13.77,1
1100,46,103,6.66,2,12,19,1,16,54.46,60.14,6.68,85.09,64.76,0
1101,35,120,6.78,1,23,75,1,4,52.49,89.85,7.87,22.41,86.15,1
1102,46,175,10.63,12,22,93,1,3,82.87,64.47,6.51,80.45,25.24,1
1103,26,92,8.65,1,17,64,1,9,54.51,55.68,7.56,43.15,61.63,1
1104,41,33,6.69,14,22,71,0,11,24.4,34.13,5.69,23.44,10.62,1
1105,35,14,12.15,0,25,108,0,1,71.92,90.62,8.11,33.81,81.43,0
1106,25,96,8.26,0,20,6,4,1,78.1,60.88,6.74,43.42,34.23,1
1107,25,65,10.92,1,20,10,4,11,81.95,41.0,5.8,44.64,19.17,0
1108,41,149,9.68,13,0,45,2,7,82.28,88.43,4.59,76.08,87.6,1
1109,26,31,10.3,1,13,15,1,20,71.81,20.29,8.6,39.03,51.98,0
1110,26,118,9.34,10,7,20,0,7,67.59,22.2,7.12,44.14,39.49,0
1111,38,139,8.08,11,13,75,4,6,50.96,60.29,7.72,34.27,84.49,1
1112,34,71,9.62,14,15,83,1,5,27.5,82.47,7.02,71.21,30.17,0
1113,39,72,8.56,14,8,117,0,3,50.07,94.22,7.28,27.08,41.52,0
1114,43,104,10.48,7,26,68,1,13,94.4,64.14,6.27,64.45,52.07,1
1115,39,90,10.7,13,24,95,2,1,95.05,97.3,8.1,93.04,13.33,1
1116,27,99,9.86,2,25,100,2,18,26.66,93.22,5.0,42.71,49.16,0
1117,25,80,11.42,5,6,50,1,5,89.91,24.21,6.39,86.69,28.63,0
1118,43,128,12.51,2,13,67,1,4,63.06,84.9,7.76,49.97,26.06,0
1119,33,155,8.82,8,20,78,4,11,52.37,54.32,6.5,37.01,48.75,1
1120,43,122,10.5,11,26,40,2,1,97.49,73.77,7.77,42.15,11.82,0
1121,22,40,7.46,13,11,30,0,8,28.43,74.67,6.09,65.45,40.54,0
1122,21,135,7.96,8,5,81,2,0,31.84,50.25,5.71,51.73,57.37,1
1123,33,58,11.58,7,16,21,3,19,22.68,58.64,7.16,42.36,81.83,1
1124,28,61,13.46,9,23,24,3,14,53.43,64.78,7.12,63.3,69.93,1
1125,31,92,9.27,14,5,48,2,19,71.52,69.03,9.0,73.94,64.64,1
1126,48,47,9.43,15,4,74,0,12,67.31,63.74,9.0,48.63,37.12,1
1127,31,6,10.24,13,9,42,1,11,55.5,42.79,5.29,87.2,83.23,0
1128,32,85,8.01,13,25,58,3,12,24.48,90.82,9.0,23.92,55.41,1
1129,33,132,7.44,7,28,112,1,14,59.24,23.18,5.18,77.23,24.33,0
1130,26,125,9.45,0,4,31,4,14,80.47,25.84,6.75,63.6,74.39,1
1131,22,86,8.99,13,15,59,3,12,44.92,38.25,7.49,43.78,28.15,1
1132,24,99,11.06,4,13,96,4,15,77.66,70.5,5.09,35.47,21.56,1
1133,42,46,6.78,10,1,23,4,4,74.4,95.07,6.68,67.88,40.95,1
1134,48,95,8.69,10,17,98,1,18,81.08,45.46,8.61,78.09,89.7,1
1135,22,144,6.11,14,4,104,4,11,35.26,65.46,6.01,81.07,75.3,1
1136,38,16,9.43,7,19,51,0,1,94.09,37.25,5.97,77.64,46.35,0
1137,37,88,9.4,10,16,10,3,19,99.5,30.02,6.59,66.0,26.95,1
1138,38,33,7.28,2,4,25,3,8,30.18,51.68,5.88,29.24,78.49,0
1139,23,65,7.15,15,30,118,1,3,59.07,72.22,6.36,29.1,24.92,1
1140,44,123,5.77,10,13,99,3,3,51.89,30.95,8.95,92.22,80.68,0
1141,39,87,7.81,2,14,17,1,6,54.1,30.48,7.46,72.42,48.78,0
1142,27,164,9.21,6,10,74,0,20,68.07,32.82,6.18,58.21,53.42,1
1143,39,170,9.6,9,23,119,4,4,21.14,92.31,7.22,23.33,37.41,1
1144,42,37,14.4,14,10,109,4,19,61.28,47.68,7.42,56.42,49.63,1
1145,48,158,8.45,5,15,108,0,5,23.09,21.42,6.47,53.01,31.5,1
1146,24,97,10.87,15,0,3,2,15,41.84,50.89,9.0,72.64,48.33,1
1147,23,1,12.9,1,18,65,2,12,66.42,91.05,7.2,55.52,73.46,1
1148,41,52,10.61,15,30,112,2,1,39.72,31.46,5.43,22.92,13.06,1
1149,48,158,5.5,15,24,39,1,5,44.78,89.84,8.35,45.27,62.67,1
1150,33,58,8.54,4,26,98,2,0,36.87,39.1,8.33,87.4,94.8,0
1151,39,154,8.65,4,24,42,2,0,82.68,97.98,6.1,63.84,47.91,1
1152,26,90,6.64,4,4,82,3,2,63.62,81.23,7.2,34.65,60.97,1
1153,21,60,7.24,1,22,89,2,6,42.71,29.54,5.82,27.71,16.59,0
1154,24,126,9.76,2,3,5,1,9,42.96,92.84,4.89,64.88,27.14,0
1155,21,126,11.89,8,11,99,1,20,94.53,78.95,4.99,72.05,38.63,1
1156,31,70,7.17,14,23,26,1,13,66.0,34.14,8.21,57.04,53.64,1
1157,34,112,13.63,9,2,69,0,18,91.05,39.58,6.04,63.08,75.31,1
1158,30,33,5.76,4,0,25,1,8,35.18,47.03,5.59,70.45,60.04,0
1159,42,132,6.28,8,16,56,1,6,81.64,97.28,9.0,58.57,50.26,1
1160,44,104,9.66,6,0,54,4,11,89.16,68.59,5.54,48.73,63.57,1
1161,50,64,7.8,11,5,29,4,3,28.74,34.26,6.34,23.1,78.79,0
1162,28,45,10.07,2,10,12,4,7,75.11,91.6,8.27,41.78,35.8,1
1163,23,133,6.77,4,27,43,3,20,34.95,63.36,7.6,41.19,37.49,1
1164,49,37,8.63,1,0,43,2,4,61.24,30.67,5.23,57.04,74.26,0
1165,42,77,10.64,12,29,86,3,2,47.95,76.42,6.05,60.3,49.89,1
1166,39,170,9.38,4,14,90,0,18,89.83,52.76,7.62,82.44,84.85,1
1167,39,97,8.28,0,1,51,0,10,21.09,47.93,7.21,29.91,20.76,0
1168,45,52,8.26,7,6,57,3,3,45.21,90.01,7.95,52.5,49.01,0
1169,27,163,10.81,10,6,49,1,3,85.07,27.9,5.26,25.22,23.06,1
1170,33,87,10.85,14,30,17,3,13,71.42,56.64,6.66,28.93,16.84,1
1171,39,147,8.85,0,28,113,2,13,61.75,63.15,5.01,58.83,10.75,1
1172,47,164,7.82,1,21,111,0,18,66.62,31.94,5.26,91.07,84.99,1
1173,29,162,8.74,12,18,62,1,11,27.78,88.45,5.93,56.0,80.31,1
1174,22,119,8.81,12,24,71,2,3,77.51,38.02,7.4,46.9,48.68,1
1175,46,120,11.69,11,6,1,0,19,36.31,34.96,6.32,56.68,77.82,1
1176,39,38,9.33,0,8,45,1,1,75.15,25.58,7.45,38.39,75.28,0
1177,42,174,10.42,9,0,69,2,16,81.92,23.43,7.93,52.1,20.39,0
1178,33,172,5.28,15,7,43,1,0,74.28,85.51,8.24,74.31,11.67,1
1179,50,83,9.32,9,23,13,4,19,21.77,70.27,7.38,63.68,93.89,1
1180,44,151,10.87,5,22,95,1,17,30.58,29.13,6.05,92.12,59.17,0
1181,21,115,7.55,13,15,20,2,18,76.79,74.17,4.39,64.03,71.26,1
1182,36,78,8.48,1,6,47,2,18,27.55,54.25,8.09,25.67,49.34,1
1183,23,123,10.12,4,10,120,4,6,85.62,46.82,6.86,27.16,76.72,1
1184,26,48,5.0,2,22,40,4,14,47.23,67.75,8.2,78.16,78.75,0
1185,36,70,9.39,6,3,61,3,16,54.39,25.05,7.05,79.19,55.01,1
1186,36,62,9.9,15,30,12,0,19,68.79,55.46,7.08,26.21,80.36,1
1187,39,137,6.84,14,12,106,1,20,34.66,20.71,7.2,45.86,51.04,1
1188,22,166,6.29,11,6,115,0,17,33.67,54.62,5.54,80.28,85.34,0
1189,24,127,8.06,4,2,80,1,7,99.54,33.46,8.23,30.79,52.79,0
1190,35,11,9.9,4,19,66,4,8,70.8,23.42,7.44,89.17,13.04,0
1191,34,82,8.39,1,12,50,1,14,31.15,53.49,8.21,86.1,57.65,0
1192,43,98,8.73,4,10,41,4,0,28.42,39.16,6.39,37.66,30.78,0
1193,47,136,11.3,2,29,100,1,20,23.98,61.93,5.59,22.46,49.81,1
1194,39,144,10.68,10,14,105,0,10,34.42,25.03,8.2,36.56,23.09,1
1195,28,4,7.14,11,21,105,4,12,47.82,51.99,8.33,47.06,80.24,1
1196,27,16,5.0,15,13,63,0,10,32.09,68.92,7.63,44.53,37.97,0
1197,50,134,7.84,5,1,80,2,4,74.37,80.36,5.97,33.04,58.04,0
1198,50,175,13.05,6,5,88,0,20,87.89,80.69,5.0,34.03,39.56,1
1199,23,70,8.01,0,13,80,3,15,62.59,88.19,5.08,45.66,38.5,1
1200,33,154,9.67,1,17,77,2,6,53.52,82.35,7.42,26.73,72.38,1
1201,33,118,7.45,7,19,114,2,20,53.23,34.93,9.0,27.68,35.7,1
1202,36,22,5.6,5,29,55,1,13,58.86,87.01,6.24,21.54,93.04,0
1203,33,71,8.39,2,27,29,4,11,55.5,46.04,7.78,24.25,80.82,1
1204,29,31,8.23,5,27,79,4,20,68.21,34.76,6.24,72.44,64.29,0
1205,44,33,10.78,5,7,21,4,6,69.19,85.79,6.65,60.97,28.57,0
1206,43,171,10.43,7,12,37,2,19,61.32,58.74,4.83,94.0,33.12,1
1207,43,111,9.34,5,18,31,1,17,90.05,36.73,5.63,66.99,16.91,1
1208,21,38,9.58,6,25,75,1,9,77.34,28.82,6.36,45.91,74.71,1
1209,47,129,11.18,14,14,5,4,3,50.64,36.29,6.59,68.3,94.53,1
1210,26,93,8.43,4,0,65,0,19,57.73,41.51,6.85,23.94,56.79,0
1211,49,161,8.94,0,10,98,4,15,47.64,49.77,7.3,65.73,33.32,1
1212,43,161,9.94,2,29,114,4,1,30.03,32.84,7.55,21.38,15.27,1
1213,43,117,8.3,0,8,109,4,9,54.19,29.07,8.08,52.53,48.87,0
1214,28,50,9.25,8,29,56,0,7,62.98,55.19,7.11,65.73,71.52,1
1215,43,76,10.95,5,26,52,4,18,48.25,56.7,7.22,93.62,26.94,0
1216,27,27,11.19,13,24,46,0,1,21.35,58.38,5.25,78.11,72.88,1
1217,30,80,5.0,14,19,23,2,3,38.03,97.94,6.17,49.28,87.32,0
1218,39,58,7.85,15,27,18,4,0,43.22,86.24,6.88,57.59,30.33,0
1219,28,140,5.26,15,17,115,3,3,46.82,20.11,4.61,43.1,33.68,1
1220,44,119,8.43,9,21,120,0,4,94.52,56.06,5.56,50.77,70.33,1
1221,50,74,9.25,1,15,3,0,15,38.43,66.35,7.27,79.86,76.86,0
1222,31,120,12.1,2,17,85,0,7,57.47,88.95,9.0,64.1,81.6,1
1223,23,167,6.99,12,9,18,2,11,93.89,79.29,7.24,43.71,74.88,1
1224,46,27,8.16,10,6,33,2,19,53.06,21.14,7.76,45.81,33.93,1
1225,24,136,8.98,9,27,71,3,2,36.29,42.47,7.85,62.34,16.29,1
1226,50,143,8.91,11,9,66,1,12,20.62,53.85,6.87,25.77,27.43,1
1227,28,33,9.78,5,29,117,3,13,40.61,63.51,4.83,75.47,61.43,0
1228,41,144,8.48,15,19,61,0,12,73.91,67.11,6.16,38.68,58.61,1
1229,49,93,8.62,5,28,25,1,13,50.88,94.13,5.75,68.9,87.58,1
1230,36,155,10.8,3,18,55,0,15,47.6,31.0,4.92,42.55,58.56,0
1231,45,67,7.69,4,5,24,4,18,84.92,73.92,8.33,38.14,55.6,1
1232,28,168,8.72,4,4,6,2,4,73.72,87.4,7.57,76.67,71.96,1
1233,50,27,12.34,4,12,38,0,14,46.59,56.42,9.0,60.01,53.42,1
1234,29,159,9.33,10,4,24,0,0,58.25,63.92,7.26,94.79,58.11,0
1235,30,53,6.82,5,12,16,4,3,26.66,34.85,6.61,36.45,31.92,0
1236,25,176,14.69,0,18,19,3,18,41.23,24.99,7.53,87.88,69.33,1
1237,44,156,9.21,0,14,42,3,9,49.3,71.64,5.86,91.06,13.51,0
1238,47,101,10.47,7,16,24,0,8,53.19,62.77,8.63,63.7,22.18,0
1239,21,134,8.87,6,3,115,3,20,24.18,79.42,4.33,32.93,12.7,1
1240,22,0,8.71,9,0,102,2,6,27.37,39.18,7.36,22.18,62.51,0
1241,37,160,10.11,15,13,55,1,13,42.27,34.42,5.4,87.62,24.37,1
1242,28,111,10.96,13,19,18,3,15,30.07,55.78,9.0,47.41,16.49,1
1243,46,60,9.79,9,2,29,1,3,64.65,55.67,6.49,25.21,51.22,0
1244,49,59,8.56,5,28,69,1,9,24.57,67.76,6.4,58.51,61.81,0
1245,37,179,8.02,6,0,72,0,7,91.81,97.31,9.0,47.17,65.34,1
1246,31,13,12.39,10,1,98,4,11,29.59,93.8,7.29,37.01,12.99,1
1247,38,25,9.69,14,9,113,4,18,60.31,74.44,6.22,38.56,61.04,1
1248,50,135,6.6,13,12,80,1,12,43.89,32.72,8.66,32.69,19.23,1
1249,44,38,9.47,6,25,80,2,15,81.42,65.01,6.88,61.97,24.13,0
1250,46,65,5.39,15,6,18,0,2,98.33,25.88,5.84,38.64,42.19,0
1251,50,127,11.34,7,21,68,1,6,52.6,38.25,5.04,31.8,62.3,1
1252,31,115,9.25,10,16,26,4,13,63.15,88.86,6.73,50.49,83.6,1
1253,50,78,8.93,11,27,84,4,18,53.84,62.01,7.57,61.51,43.07,1
1254,26,122,10.83,0,14,15,4,19,84.78,96.22,5.8,44.49,59.52,1
1255,33,92,10.28,10,14,59,1,8,65.25,30.27,7.26,57.42,65.56,0
1256,34,85,8.07,10,27,94,2,5,20.04,68.67,8.57,48.14,51.31,0
1257,48,49,6.41,9,20,58,1,10,51.52,63.17,8.62,26.54,72.8,0
1258,45,72,5.0,7,0,21,3,0,75.31,46.07,7.25,36.39,63.17,0
1259,35,152,11.11,8,0,69,0,19,26.09,68.29,5.27,89.84,82.28,1
1260,31,105,10.0,0,3,113,3,18,22.37,50.48,6.51,70.18,41.42,0
1261,24,17,5.0,1,30,63,1,16,35.26,93.03,7.71,54.96,37.67,0
1262,43,167,7.18,9,5,35,3,9,77.59,86.7,8.48,37.08,62.89,1
1263,21,41,13.44,11,23,96,0,11,94.16,51.87,6.79,43.93,85.41,1
1264,29,103,8.98,12,2,82,4,14,71.53,51.8,7.9,36.33,68.94,1
1265,21,27,9.42,8,10,6,2,16,38.51,40.14,7.5,54.99,86.32,0
1266,41,39,8.39,9,17,47,3,12,38.64,51.92,6.92,36.24,19.94,1
1267,22,74,10.18,11,0,58,1,10,45.42,44.8,8.36,76.09,57.33,0
1268,28,82,10.4,2,22,15,3,5,58.63,48.45,8.41,36.19,70.3,0
1269,40,139,13.02,7,3,36,1,15,56.85,23.28,8.41,86.02,15.69,0
1270,36,143,10.98,10,27,51,0,13,88.98,32.61,9.0,54.32,38.96,1
1271,42,92,14.52,0,5,39,1,8,35.17,38.25,6.67,88.97,69.74,0
1272,32,22,11.64,8,14,13,1,17,68.88,92.79,7.37,25.72,65.48,1
1273,30,112,9.4,11,27,59,4,8,59.1,27.14,6.57,49.06,18.03,1
1274,38,62,6.98,7,18,3,0,12,35.25,64.22,4.95,80.73,44.65,0
1275,33,52,10.89,14,24,54,2,2,95.09,73.02,6.78,83.33,75.1,1
1276,29,117,5.0,7,23,89,0,14,77.96,57.21,6.23,65.68,10.55,0
1277,48,66,7.69,1,30,15,2,5,27.0,72.47,7.84,88.34,17.93,0
1278,24,132,8.47,15,6,70,1,13,75.79,67.77,9.0,47.85,90.28,1
1279,42,69,11.77,14,0,74,0,11,57.63,43.62,6.34,75.44,77.85,1
1280,22,6,7.05,13,24,54,3,13,29.7,34.72,6.67,87.15,47.72,0
1281,33,161,7.71,11,26,18,1,8,51.86,36.51,6.97,61.32,19.41,0
1282,44,99,7.66,0,9,87,3,1,68.82,76.67,6.06,41.83,21.01,0
1283,21,129,7.44,13,18,10,2,9,26.76,23.54,7.77,60.19,70.03,1
1284,47,166,7.18,11,20,55,0,17,65.64,99.79,7.04,54.14,49.28,1
1285,30,178,5.49,9,17,99,4,2,57.06,45.92,7.29,65.65,84.48,1
1286,25,36,5.0,4,13,95,3,3,70.67,33.25,8.04,32.45,66.37,0
1287,48,17,11.25,2,6,89,1,5,35.62,31.46,4.2,21.95,30.15,0
1288,38,122,10.54,8,4,119,3,11,39.58,50.11,6.22,56.74,42.19,1
1289,36,115,9.37,1,16,10,2,9,69.31,74.8,8.58,34.83,79.64,1
1290,22,9,5.63,4,23,112,2,10,80.78,80.92,6.64,87.78,25.07,0
1291,23,33,7.31,10,15,27,1,8,60.1,75.8,7.07,25.46,89.79,1
1292,44,128,8.87,5,18,86,2,10,63.97,26.25,6.17,75.37,44.15,1
1293,50,114,12.57,14,13,104,3,9,82.74,93.82,6.8,48.21,53.03,1
1294,38,63,7.5,14,1,45,1,3,76.39,74.31,5.75,82.76,46.18,0
1295,35,176,11.57,8,7,67,2,13,32.25,98.86,6.8,69.1,48.61,1
1296,37,169,10.34,7,16,48,3,5,34.49,70.56,8.13,38.79,41.55,1
1297,35,89,9.62,7,22,73,2,3,71.42,22.66,6.74,94.76,18.41,0
1298,45,26,10.66,14,27,9,2,15,47.32,96.75,6.77,34.99,78.94,1
1299,49,2,10.93,13,18,49,4,19,59.52,42.11,7.36,62.65,48.39,0
1300,32,11,8.68,14,15,25,2,11,78.59,47.55,7.85,74.49,70.44,0
1301,42,111,8.51,15,13,25,1,5,88.93,30.57,7.54,81.04,79.09,1
1302,26,108,9.98,3,12,4,1,19,56.19,30.21,7.35,87.62,52.12,1
1303,33,46,9.36,4,12,63,3,8,67.14,77.75,8.12,78.01,22.73,0
1304,22,102,8.56,8,23,31,3,1,43.31,88.07,6.49,57.09,17.19,0
1305,30,107,5.95,3,3,102,3,17,94.03,89.96,7.66,45.63,37.69,1
1306,47,53,8.43,9,11,8,1,15,74.6,48.27,8.04,79.8,42.44,0
1307,21,122,7.15,12,28,98,2,13,33.08,47.43,5.43,62.15,60.38,1
1308,41,87,8.8,1,17,95,3,8,31.03,98.55,8.68,56.76,22.14,0
1309,49,48,6.29,11,0,50,3,19,22.35,47.19,7.81,63.84,37.93,0
1310,44,60,8.13,3,0,6,4,12,43.25,53.09,4.83,41.58,93.56,1
1311,23,54,8.89,9,2,17,0,0,97.88,50.41,4.78,62.45,69.86,0
1312,41,76,11.21,2,9,54,1,5,30.9,21.96,6.49,35.31,90.4,0
1313,46,53,7.86,1,29,21,3,4,81.46,41.18,9.0,43.31,61.0,0
1314,46,15,6.06,5,12,108,1,4,43.45,45.83,7.2,83.69,40.0,0
1315,43,176,5.44,6,21,85,4,13,61.65,25.9,7.74,58.41,79.93,1
1316,45,70,12.91,2,3,49,2,3,57.78,22.34,6.14,59.15,42.3,0
1317,21,82,6.88,12,21,46,0,8,83.36,99.47,5.07,92.62,51.61,0
1318,44,133,9.66,8,2,82,1,5,33.08,40.46,6.86,85.34,75.4,0
1319,22,99,9.7,11,6,34,2,8,64.96,32.61,8.54,75.22,13.16,1
1320,31,147,6.85,6,3,82,1,5,47.35,92.05,6.47,83.0,92.06,1
1321,38,60,13.08,1,5,31,3,18,41.42,65.75,8.13,92.35,84.42,1
1322,47,119,9.26,5,24,107,4,9,49.02,30.0,6.93,73.21,62.05,1
1323,48,41,9.49,5,10,26,3,18,55.12,43.02,7.25,31.42,54.87,1
1324,50,167,12.9,6,16,65,4,20,46.26,57.76,6.6,37.24,38.72,1
1325,44,35,8.63,6,24,112,3,16,21.13,92.49,7.61,37.0,70.0,1
1326,21,89,13.7,1,22,10,2,16,92.61,24.56,6.86,52.37,64.48,0
1327,44,13,8.82,4,2,58,1,8,32.64,62.84,7.56,92.48,23.31,0
1328,47,50,9.94,4,5,77,1,13,71.8,46.15,7.56,37.2,45.57,1
1329,46,127,9.29,0,5,58,4,8,66.55,76.73,6.49,84.51,93.88,1
1330,39,179,7.87,9,11,118,3,8,74.88,41.44,6.65,82.5,39.57,1
1331,49,136,10.33,0,20,1,3,10,70.54,81.17,7.35,78.39,75.46,1
1332,40,40,9.64,4,27,57,2,7,46.08,71.64,7.48,93.54,78.39,0
1333,41,119,6.21,15,23,86,4,16,96.25,39.39,5.66,55.36,89.74,1
1334,40,69,11.1,8,19,31,1,3,56.19,78.76,9.0,42.71,27.03,0
1335,28,85,5.0,0,18,45,1,20,27.75,38.87,5.65,23.87,94.68,0
1336,31,72,9.45,2,18,73,3,16,68.26,53.09,8.22,24.78,84.44,0
1337,46,133,10.67,2,12,63,1,4,62.56,34.12,4.7,67.62,34.79,1
1338,25,101,10.11,1,7,37,0,1,83.63,76.6,7.29,75.2,75.49,0
1339,32,31,6.74,10,15,107,0,1,45.07,76.12,6.1,49.09,10.01,0
1340,27,57,8.49,4,24,87,3,18,39.49,35.5,3.64,74.68,30.61,0
1341,39,35,7.86,3,8,8,1,5,35.81,20.52,7.66,73.01,89.68,0
1342,21,107,6.74,4,8,63,3,15,91.15,81.21,5.71,20.86,62.8,1
1343,44,67,12.28,3,28,74,0,1,73.25,60.53,6.73,86.78,46.89,0
1344,30,70,8.5,9,17,118,3,16,22.66,48.69,8.13,49.53,25.26,1
1345,21,83,8.0,13,28,26,4,0,81.08,93.21,8.78,37.84,46.46,1
1346,25,58,6.92,7,9,52,1,3,23.26,73.78,6.0,66.26,24.67,0
1347,41,123,5.0,4,3,55,1,13,83.66,54.43,5.52,54.04,84.74,1
1348,38,21,9.77,7,16,38,0,14,72.16,76.65,7.4,50.18,92.2,1
1349,47,35,7.27,14,30,6,0,16,52.84,26.24,8.53,86.93,30.95,0
1350,21,171,7.55,8,8,5,1,8,56.35,67.28,7.85,74.41,88.65,1
1351,25,115,9.0,9,24,53,3,12,25.48,55.8,6.06,32.3,39.42,1
1352,43,14,11.33,15,3,69,2,9,93.64,71.49,6.27,31.23,76.53,1
1353,28,4,5.93,6,10,72,4,7,33.54,78.36,5.68,37.82,39.11,0
1354,44,133,10.07,9,18,68,2,16,46.27,53.95,4.39,79.24,13.34,1
1355,49,19,12.09,1,13,100,2,11,36.99,25.97,5.52,66.31,90.92,1
1356,30,28,5.53,11,2,85,0,7,43.69,90.91,8.29,65.9,46.31,0
1357,33,3,11.46,1,0,108,1,6,64.23,66.06,4.91,36.08,50.04,1
1358,35,174,7.54,5,7,104,0,12,34.22,82.97,7.2,61.58,63.71,1
1359,32,15,7.6,10,25,31,3,4,70.74,84.65,7.39,82.67,59.12,0
1360,32,85,7.76,12,6,42,0,19,61.33,99.35,6.98,26.86,23.58,0
1361,45,164,9.43,9,7,56,0,10,85.25,70.2,7.48,20.02,74.87,1
1362,26,0,12.36,13,17,88,2,7,23.36,51.65,6.35,42.68,71.57,0
1363,27,56,5.51,15,30,39,1,20,85.43,49.95,7.22,83.65,23.85,0
1364,49,35,5.98,4,26,41,3,15,68.63,50.6,6.68,23.35,27.42,0
1365,42,79,10.14,6,12,92,2,9,61.86,47.69,5.51,59.44,29.73,1
1366,48,79,7.83,12,27,105,1,10,96.04,66.49,6.62,87.75,51.08,1
1367,42,40,12.49,3,3,83,3,1,68.49,59.13,6.93,27.2,43.63,1
1368,38,3,9.12,6,21,111,2,20,58.12,69.61,8.25,36.18,24.93,1
1369,49,15,9.11,4,1,8,1,6,65.22,20.47,9.0,36.16,12.11,0
1370,46,50,9.86,13,23,43,1,1,92.07,77.47,8.23,43.31,94.93,0
1371,35,122,8.98,1,1,16,1,7,51.61,94.44,8.64,66.97,17.14,0
1372,49,74,10.12,10,19,11,0,1,66.15,30.08,6.14,34.66,22.76,0
1373,44,65,8.23,12,13,25,3,3,31.9,66.14,7.82,75.46,16.48,0
1374,49,14,13.88,15,10,108,1,3,45.91,94.14,4.97,50.62,68.83,1
1375,31,149,6.51,9,28,60,4,4,84.24,58.13,6.2,79.96,52.97,1
1376,32,108,7.14,10,21,55,0,4,34.67,82.23,7.71,52.19,94.58,0
1377,33,46,7.78,2,26,43,1,14,32.31,39.42,7.89,92.94,22.84,0
1378,26,16,12.54,5,6,41,1,12,39.25,80.78,8.34,87.09,65.14,0
1379,30,27,5.0,13,18,106,3,13,45.15,51.07,8.11,52.65,16.25,0
1380,34,69,6.77,14,28,9,2,16,96.44,66.69,5.8,31.04,22.19,1
1381,27,54,12.71,0,3,100,3,8,97.38,55.13,7.45,91.28,71.48,1
1382,49,57,8.03,5,28,101,3,8,71.8,52.53,7.92,73.18,44.85,1
1383,36,84,10.33,1,7,108,4,15,66.99,22.51,8.24,28.0,56.75,1
1384,50,106,9.15,14,5,4,0,8,67.66,27.49,6.24,75.56,12.1,0
1385,36,68,8.63,13,22,13,0,16,91.76,21.37,6.22,72.41,91.16,0
1386,27,101,10.65,4,29,34,1,16,60.77,77.36,7.09,25.26,32.83,0
1387,32,46,9.53,2,19,28,0,14,38.18,40.34,8.61,57.81,79.06,0
1388,23,111,12.03,4,27,66,1,6,38.41,68.91,6.71,82.25,69.85,1
1389,31,135,8.62,5,20,28,4,7,66.88,42.67,6.28,93.36,32.37,1
1390,49,20,8.83,7,6,61,3,3,73.17,95.34,3.5,44.86,91.4,0
1391,42,34,7.06,6,1,112,0,9,60.63,75.06,7.56,93.43,30.06,0
1392,23,144,6.99,8,3,86,1,8,39.77,40.72,7.05,74.69,13.04,1
1393,22,22,6.28,2,22,112,0,20,70.15,82.77,6.89,85.82,70.74,0
1394,22,34,9.38,6,5,78,2,4,68.63,81.29,7.99,82.05,68.26,1
1395,44,21,11.6,2,20,3,1,12,33.24,71.94,9.0,38.32,86.8,0
1396,30,79,7.55,11,25,34,0,15,43.57,20.6,5.74,86.75,92.21,0
1397,27,34,9.73,15,19,114,2,17,67.28,47.8,7.14,20.44,12.98,1
1398,22,168,13.16,9,19,75,0,13,83.76,68.74,6.58,92.66,37.15,1
1399,24,3,11.05,5,21,17,4,1,35.21,46.61,8.09,28.16,61.19,0
1400,35,39,11.5,9,6,12,0,10,82.77,21.74,7.31,73.82,84.85,0
1401,29,68,6.02,4,21,68,2,12,65.66,93.14,7.15,59.46,21.65,0
1402,34,104,9.3,3,24,98,4,0,21.8,99.21,6.39,64.25,47.15,1
1403,32,47,10.01,15,13,54,3,12,48.32,64.35,7.1,66.16,37.33,0
1404,25,75,9.8,12,2,84,4,0,56.62,71.43,8.73,79.58,31.8,1
1405,48,76,5.62,1,17,87,1,8,38.51,46.72,6.27,22.69,80.67,1
1406,31,111,11.02,3,6,60,2,15,93.01,78.44,7.64,67.3,46.29,1
1407,31,72,7.09,13,30,26,2,2,37.7,62.19,8.02,32.74,78.03,1
1408,48,134,7.86,10,10,36,3,15,81.61,37.84,5.34,94.12,90.93,1
1409,42,149,10.9,4,21,27,2,5,67.72,70.9,7.75,83.7,66.94,0
1410,26,101,10.55,13,21,19,3,14,50.29,77.19,5.48,27.64,71.96,1
1411,34,16,13.21,2,17,30,0,9,33.8,65.59,7.92,46.74,75.81,0
1412,31,133,12.06,5,12,48,4,1,54.04,45.01,7.77,93.15,64.57,1
1413,40,22,6.96,2,10,8,0,17,20.07,35.78,6.14,34.13,70.96,0
1414,46,62,5.0,12,15,6,1,19,27.84,83.24,9.0,51.39,42.43,0
1415,23,85,12.53,4,0,4,1,0,80.06,31.51,9.0,66.65,16.83,0
1416,46,30,12.03,3,29,26,2,11,41.02,39.24,7.53,32.77,57.76,0
1417,30,102,9.25,1,4,107,4,10,76.24,27.44,7.66,21.21,24.33,1
1418,38,113,7.8,9,16,94,4,13,38.03,60.46,7.73,92.41,25.35,1
1419,42,165,5.31,1,10,53,2,8,97.55,84.79,6.02,76.34,74.63,1
1420,31,177,7.75,6,28,47,2,6,25.18,47.37,8.37,63.99,41.64,1
1421,34,47,12.36,12,24,42,0,8,54.88,28.8,7.13,40.0,32.08,0
1422,40,6,6.97,7,7,94,1,13,84.78,39.48,7.19,65.69,84.38,1
1423,30,112,12.12,14,25,44,3,9,43.63,24.14,4.37,77.57,39.96,1
1424,25,6,10.79,5,11,76,1,0,78.02,59.89,8.02,50.11,42.74,0
1425,47,68,9.01,7,22,6,0,0,82.89,41.58,6.41,74.98,61.87,0
1426,25,62,11.18,0,17,12,4,8,55.18,75.79,5.98,78.58,71.26,1
1427,25,51,8.04,15,5,58,4,15,84.43,71.06,6.14,62.41,29.21,0
1428,48,0,10.26,10,25,4,1,1,47.36,29.42,6.68,30.53,32.76,0
1429,44,41,9.85,2,19,108,1,6,82.35,38.81,6.29,76.52,83.56,1
1430,41,111,9.75,5,16,2,0,18,28.85,37.6,7.4,53.69,68.41,0
1431,39,87,7.51,13,2,89,3,11,57.73,39.51,7.0,46.18,23.82,1
1432,43,119,10.65,12,13,92,3,17,34.3,43.64,6.93,21.69,22.55,1
1433,29,107,5.51,9,13,91,2,19,84.5,80.01,7.44,76.04,91.37,1
1434,44,17,8.69,11,8,87,1,15,74.9,56.09,6.12,20.49,54.96,1
1435,28,118,10.44,8,20,61,1,18,38.4,69.45,7.08,25.06,49.5,1
1436,26,18,12.73,13,14,70,4,9,45.01,90.85,5.66,35.19,36.46,1
1437,34,51,11.38,2,0,15,3,1,46.49,99.7,6.03,46.67,46.43,0
1438,28,86,8.59,11,29,36,2,14,61.2,58.39,6.43,90.08,30.45,1
1439,38,57,8.03,6,13,58,3,11,33.82,88.21,7.57,30.5,44.07,1
1440,50,116,7.42,1,17,5,2,12,24.85,31.1,8.88,23.6,38.44,0
1441,27,174,7.83,10,1,91,4,17,83.15,76.99,7.66,37.64,63.88,1
1442,28,32,12.47,2,24,15,0,4,61.49,82.33,7.17,54.18,70.69,0
1443,37,132,11.32,4,4,71,1,5,50.57,56.05,6.98,20.97,75.49,1
1444,36,56,14.03,9,4,14,2,3,32.05,90.29,7.76,87.31,14.52,0
1445,21,115,7.19,1,23,1,1,2,87.46,88.25,6.86,74.96,62.29,0
1446,27,154,9.15,8,21,112,4,16,83.59,38.35,7.53,73.09,25.52,1
1447,36,149,9.75,2,24,72,0,17,82.81,39.61,7.4,75.34,48.68,1
1448,23,26,9.48,8,7,67,0,12,21.45,68.69,6.39,36.58,61.76,0
1449,38,127,9.1,4,28,6,2,15,76.05,96.14,6.96,73.24,47.82,1
1450,49,164,6.47,4,22,16,1,18,21.3,33.93,8.59,40.9,54.42,1
1451,36,44,7.07,0,18,27,2,20,42.56,77.83,6.55,30.97,30.17,0
1452,26,165,9.06,3,11,62,1,9,59.26,55.85,5.96,57.96,54.98,1
1453,33,147,9.92,0,30,117,0,19,65.62,65.47,9.0,71.18,17.26,0
1454,46,160,10.65,10,12,69,1,14,67.29,97.53,7.21,72.69,75.79,1
1455,46,79,10.05,14,5,84,1,6,96.24,72.41,6.67,54.84,22.93,0
1456,26,134,9.11,4,30,91,2,7,66.59,68.19,6.35,94.22,30.68,0
1457,23,157,5.0,3,2,5,0,10,40.89,27.61,5.61,30.27,77.39,0
1458,49,91,8.63,5,23,33,4,10,69.15,58.41,5.55,55.97,65.94,1
1459,43,123,7.96,3,19,52,0,17,73.48,87.61,9.0,46.6,13.91,0
1460,32,59,7.17,11,4,69,4,16,52.37,49.69,7.94,82.27,81.52,1
1461,36,91,8.92,3,29,103,2,12,76.67,86.3,8.83,41.42,25.73,1
1462,47,128,7.45,0,25,35,1,18,38.88,42.78,7.34,38.18,33.6,0
1463,50,77,5.0,5,7,54,2,2,55.86,68.86,6.15,43.89,75.65,0
1464,30,39,7.51,9,15,78,1,12,42.75,41.38,6.87,65.52,20.46,0
1465,37,59,11.15,8,16,67,4,11,74.14,54.45,7.62,28.6,70.71,1
1466,22,139,7.97,4,15,104,2,7,22.29,93.59,5.35,61.67,28.61,0
1467,36,75,8.84,12,23,72,2,11,68.81,70.1,7.28,85.86,63.47,1
1468,27,9,5.92,12,3,24,0,13,27.21,95.34,8.17,94.87,25.53,0
1469,39,179,9.38,4,2,106,4,11,23.59,96.6,8.15,91.47,33.75,1
1470,30,19,12.2,4,2,37,0,10,33.05,46.68,7.08,44.31,17.45,0
1471,44,58,9.43,1,0,47,1,1,70.67,91.51,4.99,64.1,62.27,0
1472,42,161,9.71,4,26,13,0,20,29.63,29.53,6.8,38.14,13.03,0
1473,40,75,7.66,10,19,96,2,14,95.28,64.86,9.0,69.41,41.25,1
1474,43,46,9.95,0,28,58,1,7,61.37,65.77,7.75,54.96,91.98,1
1475,25,159,7.14,10,5,68,2,6,77.34,84.45,7.68,94.33,21.45,1
1476,24,143,9.87,3,24,73,0,20,45.86,95.05,4.65,60.43,77.73,1
1477,45,89,9.91,2,4,80,0,0,80.12,34.49,6.04,23.37,16.88,0
1478,40,152,9.76,10,10,69,3,0,22.63,43.69,9.0,66.64,74.65,1
1479,28,110,11.91,7,20,29,2,0,41.78,47.37,9.0,89.81,59.17,1
1480,34,66,6.96,12,20,112,3,16,44.86,98.97,7.72,42.86,18.17,1
1481,47,82,9.99,4,25,86,2,13,60.62,70.07,7.24,72.54,31.51,1
1482,49,109,8.35,9,23,65,1,11,96.53,99.5,7.51,80.34,87.45,1
1483,41,9,7.05,7,30,52,4,5,36.75,64.58,6.94,71.33,21.7,0
1484,38,39,7.79,13,23,12,4,15,36.21,73.4,7.89,82.31,89.77,1
1485,40,13,9.7,1,26,45,0,16,46.26,57.42,6.77,71.13,87.5,0
1486,23,96,11.56,3,26,13,4,4,97.69,65.91,6.58,61.03,55.3,0
1487,25,52,6.87,14,12,60,1,19,45.8,60.46,7.28,76.29,26.42,0
1488,47,5,10.71,6,5,59,0,7,89.75,97.81,7.69,47.41,25.44,1
1489,45,6,8.98,1,9,104,0,14,78.49,39.01,7.21,52.69,22.63,0
1490,26,67,7.64,4,20,13,0,12,49.89,77.72,8.32,69.51,72.37,0
1491,33,68,6.57,14,20,120,0,16,21.05,45.26,6.71,78.49,67.02,1
1492,25,81,10.2,3,0,39,3,12,65.53,36.22,8.23,89.36,25.19,0
1493,44,69,10.03,6,13,59,0,17,93.55,24.76,7.67,50.13,94.01,1
1494,49,139,14.03,11,27,39,4,0,78.45,97.89,9.0,52.32,21.77,1
1495,42,146,13.09,10,24,41,2,8,49.05,35.55,6.37,47.38,28.24,1
1496,38,157,9.48,7,8,115,4,5,24.17,27.94,5.88,70.35,80.7,1
1497,41,20,8.89,1,28,39,0,4,37.95,83.66,5.44,93.75,12.17,0
1498,49,95,10.78,3,0,12,4,1,45.19,67.41,6.96,27.27,34.69,1
1499,27,145,9.27,10,26,30,2,8,96.5,77.83,5.92,82.12,33.57,1
1500,46,139,9.82,15,8,107,4,6,99.45,54.01,6.86,37.64,57.71,1
1501,28,19,8.38,5,4,118,2,10,24.88,63.64,6.61,71.87,30.77,0
1502,34,65,6.74,5,0,67,3,12,85.67,66.17,5.7,45.71,53.37,1
1503,44,29,9.48,6,26,88,2,8,70.89,35.0,6.28,32.8,83.98,1
1504,30,25,7.11,4,21,68,1,6,55.85,45.97,6.76,77.32,43.57,0
1505,50,75,11.08,2,4,110,3,12,39.12,40.56,6.26,43.03,60.83,1
1506,32,98,10.38,0,5,120,0,16,96.8,81.45,6.4,60.8,62.1,0
1507,44,79,10.17,10,23,105,4,13,44.05,83.79,7.81,70.47,47.08,1
1508,23,5,5.0,11,2,13,4,12,58.53,73.66,8.05,65.65,13.37,0
1509,25,141,10.65,13,24,71,0,3,70.86,30.82,8.17,55.52,36.0,1
1510,27,11,12.48,3,24,38,2,9,65.24,20.83,7.76,40.68,52.44,0
1511,42,145,9.14,15,15,48,3,18,40.74,44.73,7.98,71.58,58.38,1
1512,36,80,6.57,11,26,51,3,2,44.58,49.76,6.07,80.34,47.75,0
1513,37,128,8.04,8,16,58,4,7,90.79,39.77,6.34,87.83,87.31,1
1514,37,72,8.72,4,17,60,1,10,20.1,81.25,8.59,53.96,76.13,0
1515,42,70,10.1,15,8,116,2,14,46.32,55.36,5.8,34.42,48.25,1
1516,25,125,6.63,7,5,21,3,2,38.03,72.91,6.92,29.61,78.49,0
1517,48,92,8.33,10,20,82,0,3,42.82,30.91,5.84,76.93,89.02,1
1518,24,161,11.5,6,14,38,2,19,66.07,51.75,7.29,54.65,25.72,1
1519,33,44,8.49,4,12,32,1,12,40.99,36.26,8.81,59.45,15.53,0
1520,48,94,6.99,6,2,29,3,6,88.78,37.18,7.32,31.85,67.07,1
1521,24,44,11.85,1,10,68,3,19,50.02,77.38,7.0,49.65,29.77,0
1522,35,117,8.59,3,26,84,0,11,92.2,38.31,7.1,70.44,13.77,0
1523,42,94,10.34,15,22,54,3,18,91.56,43.43,6.82,74.83,76.29,1
1524,32,48,10.11,1,27,113,4,6,73.26,23.77,6.67,38.37,72.11,1
1525,50,45,10.37,2,3,62,1,10,94.75,82.42,6.7,68.29,19.93,0
1526,47,38,8.32,12,3,96,4,7,91.1,61.98,7.39,64.52,12.63,1
1527,48,180,14.28,12,30,13,0,17,45.61,76.03,7.07,28.53,80.47,1
1528,40,18,10.15,11,27,11,4,2,38.92,49.27,7.8,89.41,14.98,0
1529,32,177,6.86,4,25,55,1,13,76.28,50.99,8.16,57.36,48.67,1
1530,31,97,12.82,14,14,101,1,20,78.64,27.51,7.07,42.98,68.94,1
1531,36,93,5.0,11,2,81,0,7,32.22,49.11,3.82,27.53,82.13,0
1532,46,114,5.25,12,13,67,3,13,72.61,60.93,8.68,88.49,12.53,0
1533,28,2,10.26,14,21,77,4,2,82.15,82.97,6.34,66.78,81.33,1
1534,36,166,11.87,15,2,94,1,19,22.88,22.37,5.05,62.95,23.91,1
1535,38,18,11.09,13,16,6,2,12,81.02,55.18,5.47,84.17,72.81,1
1536,43,46,8.52,13,28,99,2,20,77.95,31.34,4.41,61.29,70.05,1
1537,40,21,5.0,12,3,44,2,1,79.65,55.71,6.02,70.9,82.45,0
1538,31,155,9.89,8,28,105,2,0,27.32,24.49,7.5,93.76,27.18,0
1539,43,84,6.31,12,30,104,4,13,66.26,86.68,5.54,34.67,23.75,1
1540,45,102,10.62,13,3,27,1,17,94.25,60.0,6.86,40.79,87.9,1
1541,29,161,5.0,3,16,84,3,20,64.95,92.93,7.05,53.68,67.94,1
1542,32,128,8.81,1,18,54,3,3,81.75,37.39,6.12,64.01,66.07,0
1543,44,47,10.17,0,30,17,2,0,67.59,82.76,5.93,76.18,58.6,0
1544,44,154,7.32,7,20,63,3,14,85.82,32.77,6.94,29.28,47.89,1
1545,47,127,7.55,1,15,36,1,11,82.18,78.91,7.9,92.58,19.77,1
1546,38,124,10.45,1,11,96,1,7,71.62,24.4,7.38,74.78,41.48,1
1547,23,164,8.97,4,6,64,3,10,53.97,53.89,6.33,32.08,31.88,1
1548,40,114,10.02,3,13,119,4,13,76.45,86.31,7.39,86.75,55.51,1
1549,23,24,11.44,15,0,45,1,14,39.6,81.83,5.54,24.98,25.98,1
1550,49,84,12.07,3,19,31,2,6,31.12,56.12,8.56,32.05,92.97,1
1551,22,52,7.7,5,8,48,1,3,83.44,27.46,7.14,52.81,11.96,0
1552,48,178,6.98,3,12,111,0,2,68.89,73.3,5.66,64.65,86.96,1
1553,49,17,10.32,13,17,5,0,9,25.13,89.74,6.16,58.53,59.99,1
1554,22,34,6.77,11,6,62,3,18,59.28,93.75,6.6,52.91,79.76,1
1555,24,41,8.15,13,21,65,2,13,75.19,63.45,5.14,62.44,18.99,0
1556,39,150,8.74,9,11,119,2,8,23.73,40.04,8.56,57.07,12.43,0
1557,29,156,10.51,15,15,44,1,10,81.7,91.96,6.81,77.2,81.98,1
1558,37,27,7.0,5,27,32,2,8,24.55,77.43,7.02,92.81,21.02,0
1559,33,92,6.82,3,0,15,1,17,90.52,47.46,8.04,84.23,69.64,0
1560,35,36,11.16,12,13,43,3,20,50.96,99.08,6.78,69.51,33.02,1
1561,42,135,9.0,5,17,92,3,10,85.79,29.86,8.03,48.06,66.21,1
1562,22,86,9.77,12,6,32,0,7,21.21,91.86,8.42,24.49,29.33,0
1563,32,4,11.47,7,16,106,1,2,26.78,88.69,6.44,31.76,83.49,0
1564,27,175,6.59,10,4,60,0,9,71.52,42.49,6.45,38.41,23.9,1
1565,36,116,9.01,4,2,89,3,14,64.39,94.16,6.58,45.04,37.86,1
1566,30,43,7.46,0,28,120,1,4,96.98,40.5,7.43,93.61,90.44,1
1567,41,77,7.24,13,17,110,1,19,65.36,78.8,8.12,39.0,29.14,1
1568,28,69,13.3,11,3,94,2,16,35.1,52.84,4.63,55.07,46.48,1
1569,30,6,12.17,9,13,114,1,4,62.34,76.41,7.05,83.47,30.02,0
1570,36,140,9.23,3,11,36,3,18,28.65,72.48,4.96,54.47,34.4,1
1571,22,140,9.03,12,10,104,2,18,63.74,45.39,9.0,75.75,73.4,1
1572,24,82,9.0,15,13,14,1,16,87.13,77.56,6.12,42.32,71.66,0
1573,28,170,14.44,4,15,58,0,12,90.66,97.66,9.0,73.74,68.03,1
1574,21,115,9.33,9,30,15,4,10,68.44,76.95,8.41,59.51,67.16,1
1575,38,59,9.85,12,10,109,1,7,71.39,56.43,5.57,61.53,20.4,1
1576,24,163,10.26,2,23,41,0,17,23.9,83.39,5.73,74.69,70.91,1
1577,25,163,9.16,7,6,107,2,16,92.27,99.9,6.8,88.95,76.12,1
1578,26,144,11.59,7,18,5,2,13,63.3,41.71,6.37,60.64,24.47,0
1579,35,67,10.72,14,5,119,3,4,62.12,24.34,6.54,61.32,71.07,1
1580,26,26,7.57,2,27,5,0,15,91.8,56.23,6.41,47.32,82.22,0
1581,45,131,9.02,3,11,98,3,15,48.94,34.91,5.48,44.9,57.91,1
1582,35,115,12.54,11,4,46,2,11,74.67,21.41,9.0,94.6,94.67,1
1583,32,142,11.49,6,29,65,3,9,77.29,54.54,7.56,86.69,36.51,1
1584,29,115,8.26,14,24,111,3,19,49.47,36.87,6.74,34.35,92.72,1
1585,42,146,7.91,7,5,101,4,16,23.61,52.63,5.32,51.24,92.07,1
1586,48,32,11.47,8,14,116,3,14,92.29,83.24,5.72,57.46,71.65,1
1587,33,144,5.43,0,13,37,0,6,42.47,69.95,8.01,47.07,80.63,1
1588,45,90,8.1,13,25,91,4,9,86.04,34.17,5.75,48.99,17.27,1
1589,27,80,10.38,8,12,47,4,16,27.05,88.76,6.51,64.33,86.68,1
1590,21,30,9.32,2,12,72,4,14,33.04,62.74,5.88,64.28,87.85,0
1591,35,140,10.11,1,27,79,0,11,92.88,33.49,6.2,24.81,34.92,1
1592,24,65,9.43,7,27,91,0,11,81.9,44.77,8.46,73.07,55.46,0
1593,38,40,5.69,15,5,120,3,17,89.49,90.62,7.75,53.37,53.15,1
1594,36,72,5.0,7,24,7,1,7,99.67,67.64,7.81,46.27,41.61,0
1595,27,60,14.6,3,0,49,2,16,90.1,62.07,7.0,85.01,32.32,1
1596,48,81,10.16,2,4,60,4,19,59.5,56.56,6.97,47.68,66.93,1
1597,44,168,8.49,14,30,107,3,9,49.1,89.86,6.27,32.8,28.68,1
1598,28,167,8.58,11,13,36,3,7,91.48,59.45,8.35,70.48,13.47,1
1599,30,164,10.45,8,20,77,3,18,27.33,46.91,9.0,77.97,70.89,1
1600,45,84,9.66,12,18,90,4,8,69.76,97.32,6.6,53.44,56.23,1
1601,45,7,7.6,8,2,45,1,19,99.73,38.59,8.18,40.97,92.61,1
1602,47,62,6.34,1,24,58,0,7,65.57,36.69,7.48,31.62,62.06,0
1603,27,99,6.54,11,14,38,1,0,57.79,48.27,8.77,73.28,36.73,0
1604,21,51,7.56,13,30,34,0,15,70.47,69.16,6.56,36.48,68.83,1
1605,35,60,9.29,12,14,75,0,20,64.15,83.24,6.34,36.07,39.24,0
1606,50,38,12.95,2,4,115,1,19,55.71,64.92,6.37,30.01,29.7,1
1607,27,153,7.61,6,28,4,4,7,94.53,59.64,7.49,72.07,15.89,0
1608,35,176,11.43,1,6,26,4,15,46.26,91.36,8.67,26.21,60.24,1
1609,25,145,12.02,13,26,26,1,17,47.85,38.07,6.7,73.92,51.66,1
1610,43,77,12.31,10,30,88,3,5,65.76,80.29,6.23,32.32,16.03,1
1611,29,31,10.87,10,22,31,3,12,73.08,60.49,8.31,38.8,67.19,1
1612,35,66,9.75,7,18,29,4,1,95.74,43.93,6.78,88.89,45.62,0
1613,48,168,8.69,5,23,54,2,2,34.89,43.18,5.52,33.8,67.31,1
1614,27,136,11.65,6,2,43,2,11,52.56,67.11,6.62,50.41,29.31,1
1615,22,141,9.15,6,22,19,0,10,28.98,86.68,8.17,63.8,22.42,0
1616,23,70,5.22,12,11,54,2,18,76.53,49.77,6.44,48.0,76.23,1
1617,40,165,8.17,11,29,86,1,18,36.64,72.34,9.0,30.2,34.66,1
1618,40,128,8.5,13,27,112,0,0,69.32,93.86,7.01,54.22,44.87,0
1619,28,154,8.7,8,11,27,4,17,74.79,57.33,7.64,45.25,62.63,1
1620,34,111,9.73,6,22,116,4,10,51.06,56.6,5.31,57.47,66.04,0
1621,46,113,6.77,15,2,118,4,19,97.15,33.8,8.46,38.13,49.41,1
1622,45,63,10.68,8,21,119,4,15,59.98,62.28,8.33,48.32,45.15,1
1623,35,159,11.47,7,27,98,1,4,87.83,26.46,7.12,93.76,40.46,1
1624,25,120,8.46,13,16,76,3,11,49.49,45.64,4.77,70.66,35.14,1
1625,30,150,6.34,7,25,53,1,6,92.88,45.79,5.05,51.96,80.32,1
1626,22,174,8.49,10,28,106,2,16,56.26,65.78,7.76,34.02,57.37,1
1627,36,179,8.77,14,11,33,1,11,59.78,24.83,8.11,65.51,78.71,1
1628,47,164,10.3,13,20,16,3,0,58.9,67.77,7.96,67.02,11.54,0
1629,45,99,7.85,4,25,120,2,2,88.66,40.05,9.0,47.11,63.77,1
1630,45,160,8.9,4,27,38,3,13,40.9,45.98,7.24,82.0,33.04,1
1631,40,138,7.2,10,6,59,2,6,91.08,99.26,6.42,62.64,75.85,1
1632,49,58,10.54,1,16,110,2,5,80.76,66.65,6.5,44.7,59.21,1
1633,35,11,10.97,9,27,7,4,4,81.88,78.13,8.1,47.08,56.39,1
1634,35,102,12.05,14,28,25,2,16,36.88,20.51,6.85,91.25,70.69,1
1635,23,17,10.61,2,14,94,0,17,79.81,66.06,7.0,83.81,23.18,0
1636,49,61,10.84,4,20,28,2,0,28.53,30.44,4.8,72.99,83.97,0
1637,44,85,7.1,2,8,51,0,12,47.06,37.46,7.09,85.36,86.68,0
1638,46,138,6.28,6,1,83,4,7,67.28,90.83,8.45,88.61,24.8,1
1639,43,25,7.66,5,9,48,1,19,99.3,46.85,7.38,35.77,19.36,1
1640,24,166,7.11,4,11,66,2,10,68.31,68.46,7.52,51.07,52.68,1
1641,33,25,5.63,7,4,44,3,18,44.54,88.64,7.45,65.33,24.33,0
1642,46,44,8.73,12,11,4,3,16,91.2,57.4,6.47,45.47,86.12,1
1643,24,131,7.67,11,23,81,4,19,35.32,87.74,7.88,24.34,10.54,1
1644,40,85,9.06,1,3,45,4,16,71.02,70.48,6.06,69.61,43.33,1
1645,23,60,10.45,7,10,47,1,0,39.34,46.21,6.66,43.99,37.75,0
1646,50,91,13.03,8,7,42,0,7,82.84,29.0,6.1,25.5,79.08,1
1647,50,15,10.28,1,21,46,0,14,88.65,45.1,6.09,34.68,53.87,0
1648,47,83,11.98,14,28,26,2,8,97.85,82.12,7.75,25.63,37.03,1
1649,48,81,8.71,7,15,85,0,10,53.6,32.24,7.48,55.21,68.73,0
1650,43,93,11.86,7,3,29,4,13,60.58,39.3,5.25,25.03,52.75,1
1651,35,3,9.35,13,22,35,1,0,95.71,89.15,6.21,21.67,76.48,1
1652,29,165,13.56,3,1,26,0,3,72.17,56.67,9.0,62.52,59.98,1
1653,35,34,5.0,9,19,88,4,14,51.37,64.75,6.97,59.62,62.36,0
1654,25,137,9.92,5,0,89,0,3,34.24,81.94,8.22,33.04,51.89,0
1655,32,162,11.22,9,22,79,1,0,91.43,71.17,9.0,38.27,42.88,1
1656,50,175,7.06,7,5,94,2,12,82.63,49.34,6.59,80.53,48.79,0
1657,30,22,8.17,14,13,74,1,10,30.48,89.65,8.83,21.74,36.84,1
1658,48,76,9.52,1,25,3,0,9,37.83,76.69,8.94,69.89,41.61,0
1659,47,33,7.08,0,26,27,2,18,51.31,59.0,7.1,30.99,83.76,1
1660,39,82,7.59,6,10,59,4,19,44.76,54.14,8.69,41.17,25.48,1
1661,26,57,7.15,7,4,67,1,5,91.83,51.94,7.34,68.98,25.78,0
1662,48,80,9.87,6,9,63,2,10,90.28,69.92,6.78,31.39,25.27,1
1663,27,23,6.75,6,7,117,2,5,20.28,93.38,6.64,42.86,28.83,0
1664,44,40,9.9,4,28,38,2,11,65.89,60.63,7.08,59.17,88.82,1
1665,34,119,9.46,8,18,106,4,3,81.3,72.92,5.89,32.49,47.23,1
1666,23,13,7.45,12,4,49,1,18,80.92,79.1,6.27,27.43,83.23,1
1667,40,91,10.88,1,19,24,0,4,93.04,54.96,8.93,42.74,33.01,0
1668,50,83,8.13,7,11,30,2,20,58.52,99.24,7.99,77.14,38.13,0
1669,35,91,8.71,15,21,118,0,0,98.79,68.64,7.56,57.56,42.49,1
1670,33,122,9.78,15,3,9,0,4,55.12,90.93,8.04,55.34,10.16,1
1671,41,130,9.11,8,29,18,1,19,55.31,25.04,6.4,85.5,58.33,0
1672,38,18,8.47,2,29,106,3,20,41.66,68.14,8.54,51.73,31.45,0
1673,42,39,6.86,10,19,116,2,6,95.0,42.16,5.57,45.01,20.74,1
1674,48,116,6.66,9,17,23,4,3,24.94,57.58,6.08,23.11,32.56,0
1675,27,166,10.57,4,2,115,3,7,25.31,38.33,7.17,86.23,80.08,1
1676,39,68,8.75,11,28,5,1,16,96.22,82.69,7.32,28.48,40.72,0
1677,30,2,11.38,13,12,100,3,5,69.92,36.66,5.45,79.55,90.59,1
1678,32,141,10.41,14,17,61,3,9,81.49,64.14,9.0,84.01,49.66,1
1679,45,52,6.38,2,24,64,1,19,43.72,86.71,8.44,32.44,14.52,0
1680,36,57,7.38,10,17,36,0,0,27.29,31.78,7.99,84.47,92.34,0
1681,35,129,11.13,9,20,89,2,4,50.89,55.4,8.79,59.27,20.91,1
1682,40,71,8.64,10,4,49,1,4,30.85,50.74,6.76,23.9,47.25,0
1683,34,48,12.54,9,10,74,4,1,56.08,29.36,8.72,48.61,29.85,1
1684,36,79,9.56,5,11,2,4,13,77.82,96.87,6.58,65.22,34.62,1
1685,30,72,7.52,2,0,64,1,17,72.0,90.4,6.98,39.09,12.47,0
1686,48,105,12.85,13,15,110,0,1,32.94,75.39,7.09,32.85,94.64,1
1687,45,62,8.56,14,23,55,0,7,94.94,59.68,7.26,38.46,59.47,0
1688,22,20,8.26,5,10,97,3,17,76.6,91.14,7.3,47.45,10.12,0
1689,36,153,7.29,6,17,12,1,17,52.75,81.82,9.0,50.29,68.1,1
1690,39,107,9.4,6,28,59,3,8,67.08,30.96,6.21,65.52,55.06,1
1691,49,94,8.89,5,8,95,3,12,31.14,75.23,6.29,50.15,53.5,1
1692,45,172,9.93,0,10,101,0,6,35.4,81.67,7.53,55.17,68.19,1
1693,45,14,8.11,15,25,9,1,10,35.65,32.18,8.02,38.92,43.27,0
1694,26,81,8.05,5,17,51,1,16,43.56,65.9,5.62,65.53,79.53,0
1695,48,58,7.26,9,25,109,4,16,94.48,95.93,6.2,91.19,90.21,1
1696,31,26,10.93,12,24,60,3,8,48.09,89.43,6.67,46.32,14.39,0
1697,29,87,9.89,12,6,15,2,13,69.62,71.6,6.51,48.08,27.7,1
1698,34,60,10.2,14,17,49,0,18,97.78,35.21,7.15,93.14,60.1,0
1699,42,63,7.93,15,26,78,0,3,42.97,87.84,7.26,31.33,41.21,0
1700,27,63,7.04,8,7,98,0,3,73.38,96.51,8.1,83.57,63.73,1
1701,38,3,11.25,3,5,100,3,10,91.96,24.37,5.93,62.47,88.19,0
1702,27,64,8.04,10,1,69,4,12,81.98,55.88,8.12,61.37,31.71,1
1703,42,121,9.5,6,18,103,3,9,69.27,99.79,6.5,41.9,63.62,1
1704,49,170,5.0,9,27,119,4,6,60.4,57.75,4.64,60.03,48.47,1
1705,33,30,7.34,13,4,118,4,7,96.55,71.52,6.17,93.7,36.5,1
1706,37,76,6.52,15,16,51,4,8,92.53,34.51,5.38,46.7,13.56,0
1707,24,8,7.52,3,9,56,2,1,38.84,94.51,6.74,81.62,64.25,0
1708,40,89,7.33,15,20,72,0,16,20.68,29.76,5.01,87.93,44.52,1
1709,38,45,11.84,8,18,43,3,2,37.5,89.7,7.26,23.97,76.49,0
1710,36,56,10.93,3,5,82,2,4,62.02,91.23,5.43,88.09,65.05,0
1711,36,96,8.59,3,13,30,3,7,31.1,75.18,8.59,55.93,35.65,0
1712,30,142,8.68,3,0,22,2,14,57.23,93.47,6.18,83.4,19.92,1
1713,30,82,5.77,1,14,49,2,9,46.76,47.52,8.33,77.03,59.66,0
1714,36,128,10.26,3,14,116,0,19,23.27,97.56,6.76,58.66,49.62,1
1715,21,155,6.76,7,11,84,0,1,34.02,27.17,8.14,86.05,86.22,0
1716,35,164,11.18,11,17,55,3,20,30.01,93.07,6.09,42.47,68.61,1
1717,32,168,8.24,14,29,65,3,20,21.19,91.25,5.23,48.11,26.11,1
1718,32,101,8.75,9,26,109,4,15,43.45,83.12,7.33,48.74,66.6,1
1719,47,45,10.11,12,27,106,0,15,62.78,46.58,3.5,52.79,91.4,1
1720,34,107,8.51,12,3,71,2,19,91.0,52.41,8.02,63.81,63.88,1
1721,22,53,9.69,11,16,99,4,2,65.15,99.45,7.42,77.79,53.98,1
1722,50,165,5.59,7,4,46,0,10,98.03,99.06,7.64,59.0,92.5,1
1723,21,120,7.28,6,3,21,3,3,95.67,60.6,6.73,89.48,38.63,0
1724,43,117,12.65,11,30,24,2,8,22.49,97.79,6.0,30.6,71.47,1
1725,49,41,7.71,8,28,55,3,8,81.55,93.04,8.99,25.89,80.14,1
1726,37,41,10.1,13,17,33,1,3,49.58,29.87,5.12,64.4,82.78,0
1727,27,93,10.77,3,25,69,4,10,64.12,95.77,7.72,25.61,13.66,1
1728,44,104,6.98,1,15,14,0,5,58.52,44.37,6.65,82.65,20.93,0
1729,25,142,10.24,14,27,2,0,4,99.38,58.45,7.8,67.91,84.47,0
1730,44,164,6.57,7,6,103,0,8,37.44,64.63,9.0,61.32,91.61,1
1731,26,154,7.49,0,25,13,3,19,20.97,76.35,5.97,50.31,92.24,1
1732,25,84,6.96,9,15,56,4,15,73.09,82.04,6.07,93.14,30.13,1
1733,26,90,6.05,10,2,29,0,6,92.65,66.03,7.76,25.22,59.28,1
1734,43,26,8.22,11,2,119,3,1,71.03,74.94,6.86,63.79,15.61,0
1735,49,106,13.07,9,26,5,0,19,21.07,99.92,8.76,63.62,25.39,1
1736,42,70,6.04,14,21,31,0,17,83.8,86.6,6.47,79.51,28.04,1
1737,31,68,6.51,6,28,15,2,17,69.22,33.15,5.56,21.54,76.58,1
1738,39,136,11.74,7,11,95,2,14,46.6,70.46,8.56,70.33,11.42,1
1739,37,0,7.78,6,20,66,3,17,45.92,89.14,7.49,78.17,26.17,0
1740,49,15,7.07,13,19,2,4,3,44.58,32.32,5.78,32.07,53.2,0
1741,23,44,9.79,14,23,21,0,10,64.94,84.7,6.78,34.27,84.1,1
1742,39,26,10.88,1,12,107,0,5,52.76,57.28,8.77,85.56,18.29,0
1743,46,141,7.52,14,17,14,2,8,36.75,96.8,5.32,54.24,58.48,0
1744,44,75,8.38,4,8,8,0,8,31.54,33.27,5.46,39.93,15.03,0
1745,27,171,7.28,15,28,75,1,13,33.83,85.84,7.78,79.88,76.08,1
1746,46,86,8.78,12,10,22,1,16,34.81,33.07,7.13,38.57,17.85,0
1747,23,33,10.55,11,13,92,4,10,94.56,90.15,7.8,49.57,69.41,1
1748,33,67,8.02,13,11,59,1,7,70.7,67.23,6.84,61.15,60.57,1
1749,47,74,7.65,15,25,37,4,18,43.65,92.97,5.94,75.78,43.58,1
1750,35,112,8.18,12,26,73,3,12,84.55,42.05,5.94,52.53,44.96,0
1751,38,111,9.94,3,10,109,2,3,29.98,95.83,7.56,81.45,56.95,1
1752,28,41,12.0,7,13,82,0,8,96.83,47.48,7.09,54.62,65.91,1
1753,44,84,9.06,12,28,23,3,3,38.61,72.99,8.11,57.58,66.01,1
1754,28,178,7.67,4,13,103,3,20,92.18,75.05,8.16,44.24,31.06,1
1755,41,160,11.56,14,15,5,4,6,90.0,64.61,9.0,44.83,39.24,1
1756,29,81,5.4,5,19,6,1,9,43.56,62.3,7.13,67.93,27.97,0
1757,35,87,10.25,6,5,79,3,2,64.15,51.07,7.26,83.34,10.37,0
1758,38,137,9.21,13,20,17,2,6,86.63,32.21,7.57,59.84,72.1,1
1759,21,58,5.32,4,0,115,1,11,91.4,30.29,7.3,43.31,30.66,1
1760,37,37,9.64,0,28,41,3,8,29.78,63.42,6.27,56.38,61.63,0
1761,46,60,7.57,13,12,105,3,10,58.67,48.74,8.19,44.41,32.74,1
1762,50,47,9.4,11,25,16,0,12,91.75,83.45,7.15,37.45,43.49,0
1763,22,114,7.79,14,19,53,2,2,70.85,73.01,6.08,76.0,71.22,1
1764,37,156,10.42,4,9,4,0,20,49.32,78.31,6.53,24.95,65.13,1
1765,33,97,9.15,11,29,90,1,16,34.5,99.52,6.98,30.42,57.54,1
1766,24,148,9.37,7,8,91,3,17,82.35,78.07,5.7,89.36,25.26,1
1767,31,120,7.46,12,16,81,1,0,90.78,75.32,6.53,69.96,41.05,0
1768,45,41,6.8,4,22,56,2,11,71.67,28.07,7.97,35.6,64.67,1
1769,37,86,9.63,11,25,85,2,4,89.34,63.54,7.3,22.93,49.48,1
1770,23,155,10.63,8,23,63,3,12,91.06,46.78,8.83,39.83,41.58,1
1771,36,116,7.09,9,19,93,0,15,29.19,31.09,7.86,66.31,61.64,0
1772,27,76,6.04,1,30,22,1,2,95.34,51.76,8.94,78.43,75.42,0
1773,36,160,11.14,1,4,111,3,18,68.27,24.52,6.84,65.69,57.09,1
1774,36,13,9.59,15,23,41,3,1,76.27,75.6,5.49,62.17,88.57,0
1775,22,65,5.79,6,12,21,0,4,88.92,83.44,5.71,43.67,40.19,0
1776,45,57,8.9,8,19,76,4,0,35.0,86.29,7.08,88.44,81.81,1
1777,23,28,7.99,13,16,44,0,2,69.85,35.04,7.36,35.75,66.89,0
1778,41,100,9.31,2,13,36,4,10,55.38,58.09,8.48,48.07,85.15,1
1779,50,143,7.73,14,22,4,2,20,64.14,42.44,5.75,93.98,87.0,1
1780,48,113,11.44,14,14,63,3,19,41.4,38.67,6.64,60.18,80.78,1
1781,28,157,7.97,6,24,116,4,14,78.48,34.22,5.75,94.86,80.01,1
1782,27,41,5.27,12,3,24,2,17,47.72,88.87,6.72,78.1,73.94,1
1783,49,171,8.32,4,2,44,1,14,22.63,41.9,4.71,54.96,92.83,1
1784,25,92,9.25,8,19,67,4,12,74.42,68.45,6.19,52.67,92.91,1
1785,39,98,9.99,10,15,68,4,6,72.6,38.39,6.97,27.87,12.32,1
1786,25,14,5.87,5,0,20,0,3,70.9,79.3,6.75,94.39,58.99,0
1787,25,101,9.91,0,20,53,2,9,82.52,23.5,7.66,71.98,52.85,1
1788,32,158,8.51,3,25,12,0,0,76.62,55.91,7.02,93.79,54.46,0
1789,48,160,8.96,4,25,4,2,16,78.35,64.65,6.93,64.3,55.81,1
1790,50,128,12.35,10,3,19,0,15,92.3,63.12,6.15,64.88,46.53,1
1791,48,161,11.38,4,1,26,3,2,31.79,37.6,5.31,20.84,29.31,1
1792,40,51,8.9,10,27,62,1,15,99.89,95.56,6.35,42.2,37.35,1
1793,35,32,7.91,3,8,38,2,1,44.08,65.52,5.13,66.37,15.95,0
1794,39,104,13.13,15,5,85,4,11,57.2,43.65,7.63,51.53,66.76,1
1795,50,180,7.79,15,26,4,0,13,51.08,71.31,7.05,40.86,25.37,1
1796,27,133,9.42,7,13,50,4,19,49.2,52.69,8.05,76.86,79.96,1
1797,23,154,9.48,0,13,15,3,16,62.59,65.4,6.34,89.19,63.32,1
1798,49,42,6.74,2,6,29,4,2,22.7,61.28,4.93,77.19,21.54,0
1799,32,145,9.04,6,25,103,2,9,96.03,36.86,8.47,33.43,30.56,1
1800,43,30,9.18,12,2,27,0,10,60.85,30.08,7.21,83.35,91.26,1
1801,33,63,10.25,1,13,119,2,6,42.48,77.31,7.8,86.44,10.03,0
1802,35,4,10.5,2,23,29,3,4,28.65,85.32,6.19,71.77,10.0,0
1803,40,113,10.33,15,23,33,4,2,68.78,92.62,6.76,63.67,24.55,1
1804,44,164,10.17,0,13,90,1,3,96.95,53.75,6.48,86.72,63.81,1
1805,37,120,6.67,10,2,104,3,2,35.29,53.64,9.0,64.22,61.32,1
1806,21,54,8.55,12,28,88,0,2,73.04,50.58,4.86,37.65,48.94,0
1807,46,169,6.39,2,29,31,4,4,82.63,86.8,4.01,90.72,48.47,1
1808,25,166,9.0,3,10,119,0,2,65.87,23.0,8.25,79.79,47.24,0
1809,43,106,10.85,6,24,38,2,13,42.34,63.69,5.96,48.12,28.95,1
1810,36,4,11.48,10,28,49,0,5,96.12,41.74,6.65,25.34,58.94,1
1811,39,118,10.36,11,23,11,1,0,26.08,84.12,7.73,37.52,49.82,1
1812,46,156,10.58,8,9,84,0,4,66.96,56.79,5.44,71.46,71.05,1
1813,47,148,9.93,10,15,19,0,11,88.83,35.88,7.45,20.26,84.02,1
1814,34,78,5.5,2,9,105,1,19,21.58,53.85,6.65,32.14,37.95,0
1815,33,94,15.14,6,22,74,0,8,40.91,53.08,4.39,85.84,76.82,1
1816,24,83,9.8,5,28,16,2,14,32.32,45.26,6.95,73.46,61.75,1
1817,28,171,9.27,5,16,2,0,0,82.25,81.44,6.94,26.11,29.77,1
1818,44,116,10.12,6,25,118,0,18,48.06,44.39,6.7,29.3,10.87,1
1819,35,39,7.34,10,6,19,0,6,76.32,26.26,6.41,61.72,33.47,0
1820,49,84,11.45,8,0,20,4,2,42.92,23.68,6.63,92.29,63.06,0
1821,29,116,6.14,10,18,13,1,4,93.03,65.44,7.13,59.09,78.56,1
1822,22,127,8.93,4,22,65,0,19,94.46,58.29,8.48,85.76,41.51,0
1823,36,159,10.56,1,8,108,4,12,51.16,51.15,6.85,37.25,28.32,1
1824,45,157,5.59,14,24,99,4,12,61.53,81.0,6.87,53.84,91.09,1
1825,50,164,11.02,3,18,23,3,0,24.69,79.19,6.15,74.49,90.5,1
1826,48,24,7.27,14,21,91,4,11,49.19,62.05,6.75,47.06,25.57,0
1827,34,174,8.31,0,16,84,0,15,83.67,63.24,6.58,77.54,57.06,1
1828,33,51,8.48,3,30,46,2,12,22.29,95.13,7.14,72.0,19.12,0
1829,25,86,7.95,15,16,62,4,11,66.99,32.9,8.55,21.14,69.57,1
1830,36,176,10.35,3,30,120,1,12,93.85,90.68,5.95,79.39,36.87,1
1831,21,91,8.29,0,25,118,4,2,85.06,59.02,9.0,76.55,83.76,1
1832,39,21,8.95,0,24,11,1,15,32.74,80.08,5.9,83.52,33.91,0
1833,39,165,12.5,3,29,75,2,0,97.98,71.85,6.9,52.44,63.38,1
1834,27,106,6.88,14,19,58,4,12,84.73,44.41,6.37,41.27,70.94,1
1835,48,35,13.02,3,22,77,2,5,86.16,33.93,8.36,51.0,75.5,0
1836,42,97,5.78,10,27,86,3,10,55.21,42.56,6.54,88.81,86.1,1
1837,45,84,8.02,13,21,82,4,18,67.99,62.02,7.36,54.61,91.57,1
1838,42,15,8.27,7,30,75,0,6,44.8,94.44,5.82,37.57,22.39,0
1839,31,151,11.27,2,12,97,4,18,56.65,55.2,8.02,33.14,92.31,1
1840,30,145,7.88,6,0,3,3,0,30.47,83.81,6.95,84.24,26.44,0
1841,21,64,6.93,15,8,72,2,2,52.5,30.26,7.44,36.79,72.58,1
1842,27,52,9.03,1,9,6,3,17,55.73,73.27,6.37,28.06,46.81,1
1843,39,161,9.35,13,29,93,0,12,68.75,69.12,6.97,57.48,36.08,1
1844,29,125,14.78,14,11,120,0,16,99.69,44.17,7.31,53.98,28.92,1
1845,21,104,8.59,6,8,101,4,15,37.44,81.78,7.37,37.07,85.68,1
1846,43,3,10.89,9,10,75,0,7,66.41,85.7,6.35,92.3,11.87,0
1847,41,20,8.84,14,30,109,4,19,96.81,74.96,7.28,93.06,82.16,1
1848,23,82,8.59,14,8,29,4,13,51.53,83.65,7.1,68.74,89.98,1
1849,48,45,6.61,13,11,18,3,6,38.46,76.49,8.19,49.53,20.1,0
1850,21,44,10.0,15,4,115,0,8,37.22,99.49,6.2,29.78,37.24,1
1851,37,50,5.99,7,29,26,2,14,66.95,35.57,8.54,73.61,63.14,0
1852,42,147,8.17,0,4,84,2,17,68.91,78.92,8.49,88.72,10.93,0
1853,35,143,8.54,8,30,49,4,8,72.39,42.41,5.22,79.8,46.31,1
1854,45,98,5.0,9,2,2,4,19,42.47,57.02,9.0,41.72,77.39,1
1855,31,87,7.1,4,4,60,4,2,46.84,75.9,8.77,55.53,54.0,1
1856,40,43,9.97,4,28,103,0,13,53.89,74.35,8.27,61.36,25.44,0
1857,23,110,10.57,7,26,18,1,7,66.39,99.74,8.31,40.85,76.27,1
1858,37,12,9.13,8,25,2,3,1,64.32,81.42,7.78,49.79,84.01,1
1859,35,173,10.86,3,18,88,4,7,27.53,87.65,5.27,24.24,60.32,1
1860,21,138,7.7,9,2,40,0,7,94.92,48.5,8.77,30.06,36.69,0
1861,49,48,6.79,4,24,23,2,14,21.6,97.87,8.23,36.62,66.43,0
1862,30,113,8.8,10,21,72,3,2,38.48,98.89,6.53,34.93,28.99,0
1863,40,2,10.71,3,21,18,1,5,33.72,47.74,8.35,92.76,76.37,0
1864,26,39,5.59,2,18,108,4,4,73.37,48.31,4.7,42.78,82.75,1
1865,44,166,8.79,10,28,110,1,12,63.27,96.35,8.1,78.06,19.83,0
1866,50,86,11.68,9,15,27,0,0,77.22,78.86,8.22,47.49,26.66,0
1867,45,63,9.52,5,26,88,0,14,95.45,37.23,5.21,58.43,15.4,0
1868,34,17,7.44,5,4,34,0,12,23.14,77.24,9.0,79.22,17.59,0
1869,49,95,9.49,6,12,119,1,12,73.72,27.92,9.0,69.81,61.99,0
1870,25,24,7.33,8,27,92,4,2,95.88,35.47,9.0,54.69,90.91,1
1871,29,159,7.4,12,17,113,0,9,74.58,74.1,7.06,58.02,33.59,1
1872,44,13,9.22,4,26,24,1,14,76.1,94.55,5.08,88.83,50.14,0
1873,50,131,7.05,15,7,92,0,0,36.24,36.15,4.77,72.23,83.67,0
1874,23,48,7.81,4,7,64,3,10,82.19,56.14,7.27,66.41,89.41,1
1875,28,60,7.63,14,20,4,2,6,94.78,68.85,7.08,86.91,47.7,0
1876,31,178,9.17,1,27,74,4,0,95.33,69.68,6.45,75.46,76.39,1
1877,34,15,6.22,2,20,9,2,15,89.47,70.1,6.82,81.43,85.44,0
1878,36,105,8.08,8,14,118,4,19,22.41,43.24,5.07,78.13,65.39,1
1879,33,23,8.48,1,5,53,2,14,44.24,28.65,6.41,61.02,74.91,1
1880,47,20,9.57,0,29,77,3,11,75.66,78.32,6.15,72.15,71.61,1
1881,34,15,11.19,2,19,19,4,16,95.35,59.04,8.36,28.64,51.26,0
1882,28,12,10.6,9,29,56,2,18,43.6,20.72,5.98,69.45,88.68,1
1883,27,155,10.0,11,19,47,4,11,25.91,52.57,8.73,45.3,76.74,1
1884,26,136,7.35,3,12,94,4,5,30.79,67.74,7.93,26.23,19.81,0
1885,35,139,5.47,8,25,61,1,9,73.26,25.32,7.11,85.7,89.82,1
1886,35,142,9.56,12,23,84,1,7,90.31,51.79,6.05,83.76,36.24,1
1887,31,81,7.38,6,11,59,1,18,42.74,24.97,6.02,42.8,37.26,0
1888,49,167,9.97,7,1,6,4,12,85.46,38.23,6.31,63.9,32.88,1
1889,48,133,7.48,8,4,74,3,4,54.65,30.63,5.11,48.73,91.13,1
1890,30,12,7.57,8,1,60,4,18,20.29,28.78,6.21,83.44,83.45,0
1891,21,40,10.07,5,11,46,2,3,53.62,90.53,5.48,69.56,20.34,0
1892,45,161,12.36,2,8,116,0,12,40.16,82.79,5.36,68.83,72.28,1
1893,26,146,7.19,9,25,9,0,16,73.0,20.5,6.13,30.66,28.98,0
1894,42,168,8.1,8,27,93,4,3,65.94,27.18,7.78,83.15,55.89,1
1895,26,44,12.45,2,25,65,1,7,66.84,75.1,3.5,30.51,40.47,0
1896,36,79,10.75,11,29,20,2,8,46.75,70.43,6.15,86.07,22.08,0
1897,30,43,6.01,8,26,7,0,20,94.3,87.4,5.05,20.68,66.9,0
1898,32,130,5.28,7,30,105,1,1,86.82,61.07,8.11,36.82,12.68,0
1899,41,151,8.19,1,14,75,2,16,80.15,32.25,9.0,49.68,65.76,1
1900,36,150,10.08,11,16,112,0,5,89.19,88.59,9.0,73.3,64.73,1
1901,44,155,6.81,8,1,15,2,19,45.72,70.26,6.42,87.09,81.37,1
1902,25,6,8.21,11,22,28,4,4,51.62,91.94,6.21,57.87,85.87,0
1903,31,65,6.13,14,23,54,4,20,45.51,83.41,7.46,47.01,37.49,1
1904,30,180,12.15,3,5,44,4,18,94.3,47.56,5.64,90.92,67.2,1
1905,29,71,10.67,4,30,47,2,6,54.86,76.82,7.87,54.48,37.9,0
1906,41,73,10.4,10,14,33,0,2,25.3,56.6,6.16,40.37,29.72,0
1907,21,48,7.7,8,9,41,3,1,24.23,49.23,5.55,23.55,18.86,0
1908,44,45,6.72,2,22,50,2,10,20.65,78.73,6.58,29.01,31.02,0
1909,42,16,7.08,3,25,114,3,18,35.03,65.23,9.0,23.8,78.09,1
1910,21,17,7.91,1,5,33,2,16,43.79,94.65,4.79,24.35,90.51,1
1911,21,36,9.14,13,8,14,2,4,98.29,87.78,7.24,88.4,22.08,0
1912,43,68,6.38,10,28,62,4,12,32.46,31.93,5.67,55.5,49.26,1
1913,31,162,10.06,11,28,47,2,19,68.18,92.15,4.87,38.38,57.66,1
1914,35,96,9.05,6,24,10,0,16,71.13,97.8,7.28,64.01,66.29,0
1915,29,98,7.18,3,16,101,2,3,58.87,71.18,7.28,20.22,31.52,0
1916,31,33,8.47,11,18,3,3,10,56.34,90.06,5.47,56.09,70.39,1
1917,43,152,9.67,5,10,1,1,7,43.42,69.67,8.99,50.76,22.36,0
1918,26,128,9.78,2,26,28,2,11,64.62,84.7,7.62,53.65,19.33,1
1919,33,153,7.64,2,23,111,3,11,81.99,71.92,7.02,34.92,43.76,1
1920,48,169,7.47,10,28,34,4,2,27.63,91.35,7.34,37.76,11.22,1
1921,31,161,8.48,0,6,34,2,0,60.98,91.0,7.07,94.18,11.72,0
1922,44,110,8.19,4,27,118,1,19,93.64,26.22,5.07,77.72,32.46,1
1923,28,73,9.91,13,3,1,2,18,79.82,91.67,7.65,84.69,23.15,0
1924,21,173,5.66,1,30,4,3,18,83.79,45.55,5.85,45.64,87.28,1
1925,46,159,12.44,3,6,77,0,2,99.5,57.59,7.77,75.34,14.14,0
1926,27,130,8.68,6,8,104,2,4,76.2,79.06,6.72,44.52,60.73,1
1927,28,55,9.37,8,19,74,4,8,51.54,50.72,6.35,27.72,79.37,1
1928,44,175,11.58,4,9,41,2,2,54.72,38.08,8.57,86.93,42.73,0
1929,25,101,9.25,3,2,24,0,15,30.6,62.65,5.68,70.97,14.91,0
1930,40,150,5.0,4,0,109,1,15,39.34,61.12,8.32,42.79,77.83,1
1931,39,175,10.1,11,14,81,3,13,55.13,26.38,7.34,66.68,14.41,1
1932,37,114,5.82,9,4,12,0,14,94.41,78.58,7.69,47.52,13.77,1
1933,45,24,6.03,3,18,69,4,15,39.19,66.99,6.99,87.53,50.22,1
1934,40,29,7.63,9,16,31,4,17,97.45,38.57,6.07,94.71,10.39,0
1935,42,177,9.76,8,14,48,3,2,68.14,56.02,7.98,70.7,25.61,1
1936,42,127,8.69,9,11,88,0,18,82.01,37.05,5.97,42.31,19.36,1
1937,24,124,11.34,10,10,118,1,20,51.22,74.39,6.4,42.19,32.64,1
1938,46,34,9.11,8,26,67,1,5,42.42,90.81,7.22,84.53,88.35,0
1939,28,124,6.28,13,14,6,0,6,91.73,46.99,6.12,59.85,69.28,0
1940,34,165,8.62,3,14,17,4,5,37.51,34.81,7.11,54.0,43.06,1
1941,25,66,7.81,14,18,63,4,0,35.56,38.45,6.35,86.84,27.4,0
1942,34,22,11.05,11,10,97,2,2,76.22,97.2,9.0,60.44,22.8,0
1943,21,10,8.44,9,18,36,4,10,95.68,65.1,7.07,84.79,80.12,1
1944,25,117,9.87,15,3,57,2,17,79.52,45.66,7.68,89.46,70.51,1
1945,37,31,12.43,14,3,87,2,14,80.27,97.77,5.89,66.52,82.81,1
1946,47,153,9.2,10,14,37,2,1,75.57,99.04,3.71,41.51,50.53,1
1947,28,43,6.75,12,8,11,4,12,51.57,78.7,6.18,57.34,38.77,1
1948,39,178,9.8,15,9,22,0,0,36.37,88.71,7.4,41.08,88.78,1
1949,37,2,8.75,12,14,17,4,13,64.03,75.55,6.92,92.62,76.58,0
1950,25,51,6.97,5,12,44,2,18,44.62,20.33,6.0,52.23,26.71,0
1951,35,126,6.61,8,25,23,2,8,83.64,52.61,9.0,81.61,53.24,0
1952,26,55,6.84,15,2,61,3,11,91.08,94.48,8.38,33.77,86.64,1
1953,31,116,8.62,7,18,66,3,14,41.25,99.55,6.91,37.67,30.33,1
1954,38,101,9.85,8,29,115,2,13,24.95,24.07,7.64,51.33,58.91,1
1955,47,60,9.25,4,11,113,1,9,77.75,38.73,5.88,93.12,66.51,0
1956,42,180,8.67,2,3,59,2,8,77.6,35.39,6.36,53.3,75.65,1
1957,31,167,5.92,1,3,62,0,8,31.89,50.67,5.92,25.17,54.59,1
1958,34,139,10.25,8,22,19,3,12,44.13,25.42,5.82,33.84,75.12,1
1959,23,37,10.39,3,2,109,3,14,89.15,66.51,8.35,74.7,30.12,0
1960,47,34,7.52,15,8,91,3,2,86.29,45.76,5.73,80.85,80.69,0
1961,27,81,8.68,15,9,113,1,17,95.81,85.94,6.19,92.92,25.26,1
1962,31,138,11.67,11,6,65,3,3,86.92,49.79,9.0,25.09,42.78,1
1963,24,90,6.47,9,22,33,4,6,42.0,21.56,6.48,46.86,32.02,0
1964,48,88,11.2,4,2,48,1,16,87.31,36.55,7.7,76.55,89.11,1
1965,33,86,6.16,11,14,78,2,16,79.62,97.71,6.86,85.87,20.06,0
1966,29,117,7.39,14,0,108,0,18,60.45,24.26,7.78,54.69,46.94,1
1967,46,74,10.29,14,25,94,4,16,88.41,26.24,7.62,63.2,69.59,1
1968,33,149,8.74,11,16,80,0,6,47.84,23.13,8.75,72.31,87.14,1
1969,37,30,5.13,0,21,68,4,14,70.07,78.73,6.7,78.87,65.22,0
1970,31,62,8.83,5,21,119,0,20,38.0,23.3,5.71,94.22,55.36,0
1971,37,73,8.81,7,2,26,3,20,25.83,47.86,6.14,75.31,65.68,0
1972,48,179,6.73,0,10,6,3,4,52.72,35.64,6.83,48.34,29.66,1
1973,38,129,6.6,11,12,8,1,6,69.09,56.02,7.83,44.14,16.57,1
1974,24,33,8.64,6,28,3,3,3,34.66,81.78,6.08,48.35,43.36,0
1975,38,143,6.28,11,24,28,4,7,36.62,97.0,9.0,91.8,25.06,0
1976,46,167,6.8,2,11,9,2,3,38.66,36.6,6.63,94.78,34.0,0
1977,26,32,10.8,3,13,66,4,15,32.84,44.9,8.88,58.15,14.96,0
1978,28,158,9.14,10,7,25,0,19,67.52,89.89,5.13,56.88,70.99,1
1979,40,10,10.04,9,25,52,4,19,71.96,66.52,7.0,87.6,11.81,0
1980,50,40,6.9,10,18,52,0,12,98.36,28.83,7.31,43.41,70.97,0
1981,23,77,5.6,12,12,27,2,0,93.95,69.35,6.65,65.26,87.62,1
1982,49,66,11.54,15,29,103,2,0,79.8,84.65,8.58,38.67,49.49,1
1983,40,178,7.01,7,21,68,4,18,85.7,35.78,6.13,23.61,76.44,1
1984,28,90,15.27,4,10,58,4,5,63.18,99.14,7.34,27.22,72.26,1
1985,32,22,10.03,14,17,57,4,5,57.56,88.18,5.02,20.95,35.35,1
1986,28,54,10.48,11,8,99,4,20,38.31,32.47,6.95,80.07,40.09,0
1987,45,125,9.07,13,23,27,0,16,82.14,35.15,6.54,74.43,47.51,1
1988,34,61,9.89,10,26,112,2,3,52.83,56.73,7.53,33.37,16.61,0
1989,47,16,9.65,5,8,42,1,4,54.58,73.23,7.34,59.85,14.65,0
1990,30,143,12.42,11,21,99,2,15,75.95,69.69,6.64,25.14,88.2,1
1991,26,49,8.7,14,22,91,3,5,90.98,53.03,7.41,45.79,53.03,1
1992,25,133,7.92,9,21,51,3,14,63.8,61.76,5.87,90.11,44.9,1
1993,42,145,6.75,14,23,35,1,3,50.82,92.1,6.32,81.55,64.2,0
1994,32,90,9.48,15,0,98,2,11,54.39,68.81,6.89,94.08,60.39,1
1995,27,172,10.21,1,19,103,0,4,54.66,79.99,5.96,54.41,23.89,0
1996,45,63,6.32,15,27,40,3,13,52.18,53.12,7.81,45.95,45.39,0
1997,34,158,9.77,14,13,88,4,15,70.83,45.41,5.69,63.75,51.13,1
1998,26,156,8.45,12,15,62,1,1,27.54,62.56,6.35,70.26,51.63,1
1999,50,89,7.84,1,16,87,1,18,27.41,72.8,7.94,60.97,46.57,0
2000,22,168,6.77,15,22,90,1,15,30.1,23.55,7.94,91.13,69.49,0
